subject,predicate,object,truth,predpath,pra,degree_product,katz,adamic_adar,pathent,simrank,jaccard,ensemble_score
wd:Q47695,wdt:P161,wd:Q386657,0,0.0,0.0,3965.0,0.011375,0.0,1109.310473,0.000736,0.0,0.17443255854309367
wd:Q131152,wdt:P166,wd:Q37922,0,0.0,0.0,26169.0,0.2785,0.0,3457.221487,0.000519,0.0,0.17443255854309367
wd:Q937,wdt:P166,wd:Q38104,1,0.0,0.0,489300.0,32.793125,9.462421,428436.204428,0.00073,0.027921,0.1920328328341882
wd:Q184592,wdt:P166,wd:Q38104,1,1.0,0.0,60114.0,1.2165,0.271085,137737.281906,0.000924,0.001276,0.17443255854309367
wd:Q57063,wdt:P166,wd:Q38104,1,0.0,0.0,48231.0,2.312125,0.571877,42572.382374,0.000717,0.003922,0.17443255854309367
wd:Q127234,wdt:P166,wd:Q38104,1,1.0,0.0,90171.0,2.749875,0.322992,224484.577326,0.001084,0.002421,0.17443255854309367
wd:Q36488,wdt:P166,wd:Q38104,1,1.0,0.0,234864.0,2.05375,0.125217,211341.277562,0.00035,0.000967,0.17443255854309367
wd:Q57068,wdt:P166,wd:Q38104,1,1.0,0.0,44037.0,2.186875,0.125217,219947.847469,0.000715,0.001314,0.17443255854309367
wd:Q62891,wdt:P166,wd:Q37922,0,0.0,0.0,114985.0,0.519875,0.0,81938.890198,0.000716,0.0,0.17443255854309367
wd:Q133747,wdt:P20,wd:Q38104,0,0.0,0.0,52425.0,2.328,0.61462,56365.956172,0.000665,0.003891,0.03985003901184372
wd:Q76766,wdt:P166,wd:Q38104,1,1.0,0.0,23766.0,1.04575,0.0,25772.874581,0.000454,0.0,0.17443255854309367
wd:Q245000,wdt:P166,wd:Q38104,0,0.0,0.0,21669.0,0.651875,0.0,88042.349607,0.000671,0.0,0.17443255854309367
wd:Q7085,wdt:P355,wd:Q38104,0,1.0,1.0,143994.0,2.697375,2.07177,40960.823688,0.000856,0.012304,0.17443255854309367
wd:Q131487,wdt:P166,wd:Q38104,0,0.0,0.0,27960.0,0.343375,0.0,43917.094816,0.000565,0.0,0.17443255854309367
wd:Q53340,wdt:P166,wd:Q314421,0,0.0,0.0,9238.0,0.023375,0.192427,2271.616012,0.000499,0.014423,0.17443255854309367
wd:Q66107,wdt:P166,wd:Q35637,1,1.0,0.0,80512.0,0.891375,0.067233,9355.188344,0.000588,0.001376,0.17443255854309367
wd:Q46795,wdt:P166,wd:Q37922,0,0.0,0.0,53924.0,0.349875,0.0,4159.078579,0.00054,0.0,0.17443255854309367
wd:Q83333,wdt:P166,wd:Q80061,1,0.0,0.0,167640.0,1.3805,1.336075,11324.763755,0.000933,0.003686,0.17443255854309367
wd:Q42985,wdt:P166,wd:Q80061,1,1.0,0.0,205740.0,1.408375,0.239556,58814.131169,0.000602,0.000603,0.17443255854309367
wd:Q102822,wdt:P166,wd:Q44585,1,1.0,0.0,76380.0,1.3045,0.419231,203411.739285,0.000737,0.00223,0.17443255854309367
wd:Q104607,wdt:P166,wd:Q37922,0,0.0,0.0,75335.0,0.51875,0.380375,91916.678221,0.000428,0.002257,0.17443255854309367
wd:Q110106,wdt:P166,wd:Q80061,1,0.0,0.0,70104.0,1.35525,0.0,80979.422227,0.000601,0.0,0.17443255854309367
wd:Q37064,wdt:P166,wd:Q80061,1,1.0,0.0,149352.0,1.29,0.0,74213.512787,0.001032,0.0,0.17443255854309367
wd:Q162900,wdt:P166,wd:Q37922,0,0.0,0.0,35685.0,0.4945,0.0,38939.572418,0.000585,0.0,0.17443255854309367
wd:Q106624,wdt:P20,wd:Q44585,0,0.0,0.0,218688.0,5.378875,1.00228,75761.563199,0.000819,0.005607,0.03985003901184372
wd:Q19185,wdt:P166,wd:Q38104,0,1.0,0.0,180342.0,0.6705,0.152647,49346.550342,0.00045,0.001046,0.17443255854309367
wd:Q41488,wdt:P355,wd:Q37922,0,1.0,1.0,83265.0,1.4805,0.0,6736.513082,0.00049,0.0,0.17443255854309367
wd:Q46739,wdt:P166,wd:Q37922,1,1.0,0.0,57096.0,1.347875,0.0,5009.40373,0.000512,0.0,0.17443255854309367
wd:Q162900,wdt:P166,wd:Q37922,0,0.0,0.0,35685.0,0.4945,0.0,38939.572418,0.000585,0.0,0.17443255854309367
wd:Q7171235,wdt:P26,wd:Q454328,0,0.0,1.0,176.0,0.00725,0.067233,515.399915,0.001695,0.021277,0.03985003901184372
wd:Q226525,wdt:P166,wd:Q38104,0,0.0,0.0,33552.0,0.505625,0.0,56506.007521,0.000622,0.0,0.17443255854309367
wd:Q40826,wdt:P26,wd:Q37922,0,0.0,1.0,108641.0,1.80675,0.35782,44464.363681,0.000451,0.002155,0.03985003901184372
wd:Q34474,wdt:P166,wd:Q37922,1,1.0,0.0,124501.0,1.503625,0.0,8492.407899,0.000497,0.0,0.17443255854309367
wd:Q123026,wdt:P166,wd:Q37922,0,0.0,0.0,27755.0,0.395875,0.0,36306.207108,0.000419,0.0,0.17443255854309367
wd:Q106624,wdt:P166,wd:Q37922,0,0.0,0.0,215696.0,1.738125,0.715526,82321.136704,0.000311,0.001881,0.17443255854309367
wd:Q188567,wdt:P166,wd:Q37922,0,0.0,0.0,12688.0,0.015375,0.0,49178.967093,0.000544,0.0,0.17443255854309367
wd:Q83059,wdt:P161,wd:Q37922,0,0.0,0.0,78507.0,2.5375,0.371593,254322.228265,0.000575,0.002247,0.17443255854309367
wd:Q47619,wdt:P166,wd:Q80061,0,0.0,0.0,118872.0,0.44125,0.0,2154.075133,0.000583,0.0,0.17443255854309367
wd:Q75612,wdt:P166,wd:Q38104,0,0.0,0.0,74094.0,0.55725,0.0,144672.983969,0.000562,0.0,0.17443255854309367
wd:Q7457067,wdt:P166,wd:Q65,0,0.0,0.0,91722.0,3.654375,0.067233,3320.893926,0.000671,3.3e-05,0.17443255854309367
wd:Q47561,wdt:P166,wd:Q37922,1,0.0,0.0,79300.0,2.649125,0.0,375705.008909,0.000441,0.0,0.17443255854309367
wd:Q37463,wdt:P166,wd:Q37922,0,0.0,0.0,163358.0,0.735,0.0,31613.489999,0.000387,0.0,0.17443255854309367
wd:Q47561,wdt:P166,wd:Q80061,0,0.0,0.0,152400.0,0.3455,0.0,41059.722049,0.000348,0.0,0.17443255854309367
wd:Q129187,wdt:P166,wd:Q37922,1,1.0,0.0,45994.0,1.393625,0.0,10818.245388,0.000652,0.0,0.17443255854309367
wd:Q44597,wdt:P166,wd:Q37922,0,0.0,0.0,32513.0,0.360875,0.0,72417.200639,0.000418,0.0,0.17443255854309367
wd:Q7176,wdt:P166,wd:Q37922,1,1.0,0.0,103090.0,1.08425,0.23783,6272.84163,0.000588,0.001085,0.17443255854309367
wd:Q93157,wdt:P166,wd:Q37922,1,1.0,0.0,113399.0,1.640375,0.0,277471.761849,0.000847,0.0,0.17443255854309367
wd:Q34474,wdt:P166,wd:Q80061,0,1.0,0.0,239268.0,0.368125,0.0,5169.354534,0.000412,0.0,0.17443255854309367
wd:Q36488,wdt:P166,wd:Q37922,0,0.0,0.0,266448.0,0.574375,0.0,31054.734765,0.000431,0.0,0.17443255854309367
wd:Q160522,wdt:P166,wd:Q37922,0,0.0,0.0,29341.0,0.485625,0.0,33697.340606,0.000548,0.0,0.17443255854309367
wd:Q76474,wdt:P166,wd:Q37922,0,0.0,0.0,31720.0,0.38825,0.0,34616.578848,0.000677,0.0,0.17443255854309367
wd:Q222944,wdt:P166,wd:Q37922,1,1.0,0.0,77714.0,1.4415,0.0,8975.618738,0.000576,0.0,0.17443255854309367
wd:Q80064,wdt:P26,wd:Q37922,0,0.0,1.0,61061.0,1.385625,0.0,8476.961186,0.000586,0.0,0.03985003901184372
wd:Q93137,wdt:P159,wd:Q37922,0,0.0,0.0,40443.0,1.6165,0.248494,315926.1484,0.000475,0.002375,0.17443255854309367
wd:Q254032,wdt:P166,wd:Q37922,1,1.0,0.0,76921.0,1.53925,0.188036,14448.417654,0.00059,0.001125,0.17443255854309367
wd:Q47755,wdt:P19,wd:Q37922,0,0.0,0.0,46787.0,1.304125,0.0,8539.232342,0.000633,0.0,0.17443255854309367
wd:Q132589,wdt:P161,wd:Q37922,0,0.0,0.0,65026.0,1.75225,0.177695,306935.670356,0.000631,0.001144,0.17443255854309367
wd:Q2390275,wdt:P166,wd:Q99,1,0.0,0.0,2301115.0,85.6315,5.699698,39168.43584,0.001267,0.000552,0.0574503133029382
wd:Q3290166,wdt:P166,wd:Q99,1,0.0,0.0,515175.0,5.19325,0.31069,38370.821302,0.000609,5.8e-05,0.17443255854309367
wd:Q57092,wdt:P166,wd:Q80061,0,0.0,0.0,77724.0,0.687375,0.310062,66494.762936,0.000454,0.001271,0.17443255854309367
wd:Q180409,wdt:P166,wd:Q37922,0,0.0,0.0,45994.0,0.63325,0.0,104723.80516,0.000623,0.0,0.17443255854309367
wd:Q57074,wdt:P166,wd:Q35637,0,0.0,0.0,31968.0,0.261125,0.0,7601.727643,0.000624,0.0,0.17443255854309367
wd:Q5362460,wdt:P166,wd:Q60,1,0.0,0.0,1128970.0,7.101625,0.286,5763.4346,0.000744,1.5e-05,0.0574503133029382
wd:Q491787,wdt:P166,wd:Q60,1,0.0,0.0,2855630.0,12.56175,1.303079,5326.498684,0.000456,9e-05,0.0574503133029382
wd:Q37767,wdt:P166,wd:Q37922,1,1.0,0.0,160186.0,2.026875,2.101848,8622.044404,0.000644,0.010152,0.17443255854309367
wd:Q34189,wdt:P166,wd:Q80061,0,0.0,0.0,256032.0,0.370875,0.0,11286.713075,0.000416,0.0,0.17443255854309367
wd:Q533369,wdt:P54,wd:Q37922,0,0.0,0.0,38064.0,0.631875,0.0,6950.553275,0.000378,0.0,0.03884316762836134
wd:Q3326235,wdt:P166,wd:Q60,1,0.0,0.0,1527430.0,34.175375,0.106784,71741.362352,0.000623,1.5e-05,0.0574503133029382
wd:Q35149,wdt:P166,wd:Q37922,0,0.0,0.0,148291.0,0.643625,0.0,33675.650621,0.000496,0.0,0.17443255854309367
wd:Q44597,wdt:P166,wd:Q37922,0,0.0,0.0,32513.0,0.360875,0.0,72417.200639,0.000418,0.0,0.17443255854309367
wd:Q46739,wdt:P166,wd:Q37922,1,1.0,0.0,57096.0,1.347875,0.0,5009.40373,0.000512,0.0,0.17443255854309367
wd:Q106624,wdt:P166,wd:Q37922,0,0.0,0.0,215696.0,1.738125,0.715526,82321.136704,0.000311,0.001881,0.17443255854309367
wd:Q2831,wdt:P50,wd:Q49201,0,0.0,0.0,703905.0,0.4625,0.067233,13338.891841,0.001131,0.000596,0.03884316762836134
wd:Q25973,wdt:P166,wd:Q37922,1,1.0,0.0,130052.0,1.88125,0.0,57146.306986,0.000568,0.0,0.17443255854309367
wd:Q60194878,wdt:P166,wd:Q60,1,0.0,0.0,265640.0,8.686875,0.0,1889.819501,0.000447,0.0,0.17443255854309367
wd:Q1124,wdt:P19,wd:Q80008,1,0.0,0.0,60588.0,33.073375,5.723532,297247.527523,0.001779,0.022195,0.1920328328341882
wd:Q2831,wdt:P166,wd:Q184116,0,0.0,0.0,372606.0,19.352125,7.395826,161863.788357,0.000972,0.021463,0.1920328328341882
wd:Q228909,wdt:P19,wd:Q24826,0,0.0,0.0,935112.0,1.795875,0.0,3485.058694,0.000403,0.0,0.03985003901184372
wd:Q134982,wdt:P19,wd:Q9832,0,0.0,0.0,727120.0,0.314875,0.0,1964.702337,0.000359,0.0,0.03985003901184372
wd:Q221359,wdt:P19,wd:Q572172,0,0.0,0.0,1792.0,0.005875,0.0,1231.399407,0.000473,0.0,0.17443255854309367
wd:Q15935,wdt:P19,wd:Q65,0,1.0,0.0,17029718.0,19.72725,3.301305,16568.679808,0.00071,0.000353,0.8192791734053939
wd:Q392,wdt:P19,wd:Q16555,0,0.0,0.0,8499144.0,3.571125,0.175779,10085.907147,0.000793,0.000217,0.05644344191945582
wd:Q19185,wdt:P19,wd:Q34227,0,0.0,0.0,70434.0,0.064625,0.181913,2250.194653,0.000478,0.003781,0.17443255854309367
wd:Q35041,wdt:P19,wd:Q60,0,0.0,0.0,7703560.0,31.228375,0.423323,35720.906656,0.001133,7.5e-05,0.05644344191945582
wd:Q42493,wdt:P166,wd:Q79417,0,0.0,0.0,2330.0,0.041,0.067233,8554.195609,0.001147,0.004132,0.17443255854309367
wd:Q23685,wdt:P54,wd:Q9832,0,0.0,0.0,1610400.0,0.3285,0.0,9040.169163,0.000226,0.0,0.03884316762836134
wd:Q42775,wdt:P19,wd:Q79417,1,1.0,0.0,4620.0,0.704875,0.668118,86551.239939,0.001453,0.006397,0.17443255854309367
wd:Q11459,wdt:P19,wd:Q719,1,1.0,0.0,79640.0,0.4035,0.446156,13300.326287,0.000657,0.003448,0.17443255854309367
wd:Q298542,wdt:P19,wd:Q3711,1,0.0,0.0,1487886.0,20.5415,0.698391,101304.596832,0.00053,0.000257,0.0574503133029382
wd:Q206112,wdt:P19,wd:Q306757,1,1.0,0.0,4392.0,0.174875,0.413209,10547.703304,0.001199,0.005319,0.17443255854309367
wd:Q5928,wdt:P20,wd:Q3120316,0,0.0,0.0,5415.0,0.00325,0.0,412.500542,0.000336,0.0,0.03985003901184372
wd:Q9582,wdt:P19,wd:Q43199,1,1.0,0.0,283822.0,1.1125,0.067233,4278.378216,0.001444,0.000501,0.17443255854309367
wd:Q1254,wdt:P19,wd:Q100,0,0.0,0.0,1687625.0,4.57425,0.108547,3661.077249,0.000702,6.8e-05,0.0574503133029382
wd:Q5812,wdt:P19,wd:Q3711,1,1.0,0.0,2191460.0,6.285,1.959029,23475.945466,0.00052,0.000854,0.1920328328341882
wd:Q36107,wdt:P50,wd:Q18426,0,0.0,0.0,505752.0,1.61725,0.067233,18997.859213,0.00121,0.000294,0.03884316762836134
wd:Q53342,wdt:P159,wd:Q846040,0,0.0,0.0,9514.0,0.0875,0.267075,6591.776596,0.000596,0.009852,0.1920328328341882
wd:Q206,wdt:P19,wd:Q2280,0,0.0,0.0,510300.0,1.3575,0.0,3276.792243,0.000497,0.0,0.03985003901184372
wd:Q180453,wdt:P19,wd:Q2556469,1,1.0,0.0,5964.0,1.026625,0.345039,105383.741884,0.000825,0.003505,0.17443255854309367
wd:Q5494850,wdt:P19,wd:Q983796,1,1.0,0.0,608.0,0.17225,0.181337,52526.00105,0.001433,0.038462,0.1920328328341882
wd:Q125121,wdt:P19,wd:Q16563,1,1.0,0.0,683954.0,12.4515,4.80939,117186.353141,0.001245,0.005928,0.1920328328341882
wd:Q34424,wdt:P19,wd:Q18432,0,0.0,0.0,320132.0,0.200625,0.0,5257.284407,0.000647,0.0,0.03985003901184372
wd:Q12003,wdt:P19,wd:Q1352,0,0.0,0.0,1219581.0,0.68975,0.108547,2226.381652,0.000415,0.000223,0.0574503133029382
wd:Q229100,wdt:P19,wd:Q2132,0,0.0,0.0,119658.0,0.17525,0.0,5092.906276,0.000486,0.0,0.17443255854309367
wd:Q34969,wdt:P19,wd:Q100,1,1.0,0.0,6589075.0,154.10775,12.802393,168886.287211,0.000894,0.002984,0.8301507647773372
wd:Q335312,wdt:P19,wd:Q5112,0,0.0,0.0,253280.0,1.12825,0.347447,27494.531665,0.000796,0.000617,0.17443255854309367
wd:Q53342,wdt:P26,wd:Q995231,0,0.0,1.0,13703.0,0.067625,0.067233,2890.030744,0.000644,0.003802,0.03985003901184372
wd:Q180104,wdt:P50,wd:Q5112,0,0.0,0.0,215288.0,11.13775,1.18786,178214.62816,0.001078,0.001548,0.03884316762836134
wd:Q30875,wdt:P19,wd:Q80008,0,0.0,0.0,37179.0,0.113125,0.0,25210.654434,0.000499,0.0,0.17443255854309367
wd:Q233243,wdt:P19,wd:Q100,0,0.0,0.0,777775.0,1.45875,0.0,17241.095401,0.000541,0.0,0.03985003901184372
wd:Q1768,wdt:P19,wd:Q184116,0,0.0,0.0,192270.0,0.291625,0.067233,20130.485313,0.000712,0.001142,0.17443255854309367
wd:Q461191,wdt:P19,wd:Q36600,1,0.0,0.0,672894.0,13.95875,0.357351,7771.725509,0.000886,0.000151,0.0574503133029382
wd:Q191766,wdt:P19,wd:Q34932,1,0.0,0.0,241192.0,1.883625,0.078164,18573.787275,0.000648,0.000296,0.17443255854309367
wd:Q180453,wdt:P159,wd:Q60,0,0.0,0.0,56581320.0,31.805375,1.950443,48418.458624,0.000777,0.000149,0.23682032094881122
wd:Q191476,wdt:P159,wd:Q11959,0,1.0,0.0,111264.0,2.1135,0.527702,23330.373358,0.00072,0.001995,0.1920328328341882
wd:Q9312,wdt:P19,wd:Q1156,0,0.0,0.0,3291725.0,1.088,0.747995,9886.613655,0.000494,0.000724,0.05644344191945582
wd:Q23685,wdt:P166,wd:Q1345,0,0.0,0.0,5079030.0,12.54075,0.191886,5861.458575,0.001383,0.000127,0.05644344191945582
wd:Q6186089,wdt:P19,wd:Q202973,1,1.0,0.0,17970.0,0.781875,1.000181,7673.163549,0.001312,0.003309,0.17443255854309367
wd:Q117012,wdt:P355,wd:Q3711,0,0.0,1.0,3148782.0,1.297625,0.0,2813.860726,0.000364,0.0,0.05644344191945582
wd:Q206112,wdt:P19,wd:Q1085,0,0.0,0.0,66477312.0,16.801125,0.0,2253.09187,0.000365,0.0,0.23682032094881122
wd:Q53342,wdt:P19,wd:Q34217,0,1.0,0.0,280166.0,0.5415,0.0,2465.75194,0.000497,0.0,0.17443255854309367
wd:Q35236,wdt:P19,wd:Q1798762,1,1.0,0.0,3857.0,1.616375,1.078698,175260.385858,0.001331,0.023041,0.17443255854309367
wd:Q160852,wdt:P19,wd:Q957763,0,0.0,0.0,57378.0,0.044125,0.0,9039.655432,0.000578,0.0,0.17443255854309367
wd:Q14286,wdt:P19,wd:Q165972,1,1.0,0.0,98273.0,2.0735,1.445528,67031.65218,0.000934,0.005618,0.17443255854309367
wd:Q309395,wdt:P19,wd:Q191793,1,1.0,0.0,54585.0,1.0945,0.26143,5129.441706,0.000561,0.001592,0.17443255854309367
wd:Q9582,wdt:P19,wd:Q100,0,1.0,0.0,2259950.0,7.558625,0.164608,3496.743586,0.001024,0.000135,0.1920328328341882
wd:Q231286,wdt:P19,wd:Q1885566,0,1.0,0.0,3612.0,0.015125,0.067233,1274.647799,0.001025,0.00641,0.17443255854309367
wd:Q34296,wdt:P50,wd:Q100,0,0.0,0.0,3639400.0,6.867125,0.630899,8269.72889,0.001353,0.000201,0.05644344191945582
wd:Q160852,wdt:P19,wd:Q502250,0,0.0,0.0,48732.0,0.067625,0.0,6172.977058,0.000566,0.0,0.17443255854309367
wd:Q215359,wdt:P355,wd:Q986432,0,1.0,1.0,42714.0,0.18875,0.420189,2949.895063,0.001094,0.004843,0.17443255854309367
wd:Q34743,wdt:P19,wd:Q1352,0,0.0,0.0,2237994.0,0.805625,0.212646,2231.538431,0.000472,0.000423,0.0574503133029382
wd:Q261095,wdt:P19,wd:Q131127,1,1.0,0.0,23872.0,0.529875,0.182021,15018.851039,0.000559,0.002577,0.17443255854309367
wd:Q37079,wdt:P19,wd:Q128069,1,1.0,0.0,207944.0,1.021625,0.186167,5243.760452,0.001075,0.001225,0.17443255854309367
wd:Q15257,wdt:P19,wd:Q3711,0,0.0,0.0,738176.0,1.719125,0.0,2710.185869,0.000456,0.0,0.03985003901184372
wd:Q42493,wdt:P19,wd:Q65,0,0.0,0.0,7123742.0,17.748875,1.754197,11599.724036,0.000827,0.000227,0.05644344191945582
wd:Q173633,wdt:P19,wd:Q23436,0,0.0,0.0,1408240.0,1.314,0.0,1918.362289,0.000345,0.0,0.0574503133029382
wd:Q29441,wdt:P19,wd:Q9832,1,1.0,0.0,141520.0,1.115875,0.0,3620.78288,0.000296,0.0,0.17443255854309367
wd:Q2263,wdt:P19,wd:Q490441,1,1.0,0.0,32718.0,0.31325,0.067233,12959.154681,0.001096,0.002646,0.17443255854309367
wd:Q221737,wdt:P19,wd:Q34217,1,0.0,0.0,138110.0,2.094125,0.26293,2953.659531,0.000557,0.000503,0.17443255854309367
wd:Q3335,wdt:P19,wd:Q1774606,1,1.0,0.0,11370.0,7.59875,0.072529,137390.978215,0.000641,0.002451,0.17443255854309367
wd:Q4496,wdt:P19,wd:Q12439,1,0.0,0.0,757458.0,3.831,0.067233,8137.644399,0.001864,0.000152,0.03985003901184372
wd:Q15257,wdt:P19,wd:Q1490,0,1.0,0.0,2279616.0,5.220625,0.0,3329.652363,0.000548,0.0,0.1920328328341882
wd:Q169452,wdt:P19,wd:Q25395,1,0.0,0.0,271484.0,1.949625,0.067233,9522.344892,0.000997,0.000463,0.17443255854309367
wd:Q3772,wdt:P19,wd:Q185582,1,1.0,0.0,224624.0,0.65625,0.067233,7253.051867,0.001325,0.000762,0.17443255854309367
wd:Q134549,wdt:P19,wd:Q100,1,1.0,0.0,1614250.0,5.66075,2.699626,14825.796694,0.001116,0.000609,0.1920328328341882
wd:Q185610,wdt:P19,wd:Q65,1,0.0,0.0,8835886.0,158.813625,10.283057,232077.220091,0.000829,0.001233,0.8287700530618234
wd:Q83338,wdt:P19,wd:Q18424,0,0.0,0.0,601386.0,1.499,0.067233,2870.181983,0.001164,0.000347,0.03985003901184372
wd:Q7407,wdt:P19,wd:Q23768,1,1.0,0.0,404920.0,2.616375,1.086846,13177.254619,0.001007,0.00102,0.17443255854309367
wd:Q2632,wdt:P166,wd:Q24826,0,0.0,0.0,1298214.0,4.447375,2.977372,68493.050779,0.000859,0.001722,0.0574503133029382
wd:Q53342,wdt:P19,wd:Q586262,0,1.0,0.0,2272.0,0.012875,0.067233,1265.832081,0.000828,0.009804,0.17443255854309367
wd:Q2831,wdt:P20,wd:Q65,1,1.0,0.0,25773882.0,41.83525,5.255909,39197.932599,0.000987,0.000701,0.906914703464777
wd:Q1203,wdt:P20,wd:Q60,1,0.0,0.0,39049080.0,45.148625,3.02664,48833.316606,0.000714,0.000209,0.23580500900007498
wd:Q235077,wdt:P20,wd:Q123766,0,0.0,0.0,260184.0,0.291625,0.067233,1986.946593,0.00107,0.000847,0.03985003901184372
wd:Q1316,wdt:P20,wd:Q16555,0,0.0,0.0,2562844.0,2.076875,0.29121,54249.711902,0.000614,0.000353,0.05644344191945582
wd:Q9582,wdt:P20,wd:Q506446,1,1.0,0.0,23870.0,0.192625,0.328422,4806.496794,0.001135,0.006515,0.17443255854309367
wd:Q544387,wdt:P26,wd:Q127856,0,0.0,1.0,316660.0,0.92525,0.164058,3053.703534,0.000773,0.001432,0.03985003901184372
wd:Q5604,wdt:P19,wd:Q1345,0,1.0,0.0,6433438.0,6.41425,0.434799,3673.196892,0.002232,0.000253,0.1920328328341882
wd:Q34969,wdt:P26,wd:Q1345,0,1.0,1.0,6910559.0,65.121625,15.280775,48204.522408,0.001005,0.002912,0.0574503133029382
wd:Q1768,wdt:P20,wd:Q127856,1,1.0,0.0,485025.0,0.7875,0.067233,14205.690755,0.000728,0.000646,0.17443255854309367
wd:Q56664118,wdt:P20,wd:Q47164,1,0.0,0.0,28561.0,0.93025,0.067233,2588.197136,0.000962,0.000453,0.03985003901184372
wd:Q49575,wdt:P20,wd:Q8652,0,1.0,0.0,928650.0,1.488375,0.067233,2873.038667,0.000653,0.000211,0.17443255854309367
wd:Q23434,wdt:P20,wd:Q1519069,1,0.0,0.0,12600.0,1.105875,0.9635,66783.47709,0.001309,0.011834,0.03985003901184372
wd:Q215359,wdt:P20,wd:Q127856,1,1.0,0.0,251990.0,1.00025,1.028614,2490.680362,0.000823,0.002992,0.17443255854309367
wd:Q409,wdt:P20,wd:Q8652,1,0.0,0.0,702150.0,1.22275,0.978845,3144.6757,0.000669,0.000855,0.03985003901184372
wd:Q33550,wdt:P20,wd:Q6346,0,0.0,0.0,1704766.0,1.025875,0.194405,2330.110037,0.000516,0.000297,0.0574503133029382
wd:Q908933,wdt:P20,wd:Q506446,0,0.0,0.0,35495.0,0.133125,0.067233,7217.703901,0.00096,0.002611,0.03985003901184372
wd:Q36153,wdt:P20,wd:Q49186,0,0.0,0.0,140980.0,0.16675,0.067233,2727.797638,0.000883,0.001333,0.03985003901184372
wd:Q188176,wdt:P20,wd:Q49186,0,0.0,0.0,65667.0,0.179,0.067233,2749.141989,0.001163,0.001828,0.03985003901184372
wd:Q298933,wdt:P20,wd:Q1345,1,1.0,0.0,1831529.0,27.246,9.169434,56860.125049,0.001557,0.00155,0.1920328328341882
wd:Q2001,wdt:P20,wd:Q5098630,1,0.0,0.0,1290.0,1.067625,0.466623,96819.243695,0.000865,0.014599,0.03985003901184372
wd:Q315202,wdt:P20,wd:Q123766,0,1.0,0.0,221112.0,0.377,0.067233,2855.386961,0.002243,0.00088,0.17443255854309367
wd:Q251287,wdt:P20,wd:Q23197,0,0.0,0.0,627705.0,2.411875,1.03472,4409.125074,0.001039,0.001119,0.03985003901184372
wd:Q25310,wdt:P20,wd:Q1519069,0,0.0,0.0,5712.0,0.0565,0.067233,9422.774015,0.001557,0.00565,0.03985003901184372
wd:Q51114,wdt:P20,wd:Q1352,0,1.0,0.0,1010031.0,0.701875,0.108547,2529.202785,0.000436,0.000226,0.17443255854309367
wd:Q1395425,wdt:P161,wd:Q1352,0,0.0,0.0,1726692.0,24.6475,17.362193,82532.217736,0.002398,0.011871,0.0574503133029382
wd:Q2731236,wdt:P20,wd:Q60,1,1.0,0.0,6043310.0,107.4575,3.934547,64931.331413,0.000548,0.000286,0.1920328328341882
wd:Q83410,wdt:P20,wd:Q26887,1,0.0,0.0,69930.0,0.473875,0.067233,8588.226895,0.001037,0.001534,0.03985003901184372
wd:Q103767,wdt:P20,wd:Q60,1,1.0,0.0,12418670.0,34.914125,1.719408,55195.652859,0.000633,0.00015,0.8398288069999448
wd:Q105349,wdt:P20,wd:Q123766,0,0.0,0.0,186480.0,0.129,0.0,2685.055664,0.000453,0.0,0.03985003901184372
wd:Q34413,wdt:P161,wd:Q713372,0,0.0,0.0,4500.0,0.00675,0.0,892.981792,0.000656,0.0,0.17443255854309367
wd:Q35286,wdt:P20,wd:Q62,1,0.0,0.0,1407416.0,5.325375,0.165165,5318.025802,0.001309,0.00013,0.0574503133029382
wd:Q19837,wdt:P50,wd:Q335955,0,0.0,0.0,7150.0,0.034125,0.067233,3169.986081,0.000965,0.005747,0.03985003901184372
wd:Q47087,wdt:P20,wd:Q35381,1,0.0,0.0,531333.0,5.967625,1.713038,73226.832034,0.000594,0.002403,0.03985003901184372
wd:Q19155,wdt:P20,wd:Q65,1,0.0,0.0,5105858.0,22.450625,2.248468,24260.745832,0.001052,0.000293,0.05644344191945582
wd:Q173347,wdt:P20,wd:Q2448591,1,1.0,0.0,16617.0,0.438875,1.531772,11754.320466,0.002073,0.02583,0.17443255854309367
wd:Q80739,wdt:P19,wd:Q127856,0,1.0,0.0,173940.0,1.2935,0.16298,8040.087687,0.000789,0.001576,0.17443255854309367
wd:Q471542,wdt:P20,wd:Q1156,1,1.0,0.0,4849000.0,21.769125,10.53683,57088.689523,0.00088,0.003568,0.1920328328341882
wd:Q47906,wdt:P20,wd:Q846421,0,0.0,0.0,51376.0,0.09675,0.067233,2506.477936,0.000461,0.002203,0.03985003901184372
wd:Q35041,wdt:P20,wd:Q65,0,0.0,0.0,3546584.0,17.429625,0.36243,25770.45849,0.001109,0.00013,0.05644344191945582
wd:Q188176,wdt:P355,wd:Q493840,0,1.0,1.0,112395.0,1.013625,0.36367,126155.809124,0.001392,0.003708,0.17443255854309367
wd:Q708002,wdt:P355,wd:Q3141,0,1.0,1.0,3375744.0,49.679125,16.598632,106778.724895,0.001895,0.004269,0.1920328328341882
wd:Q37160,wdt:P20,wd:Q23436,1,1.0,0.0,2464420.0,9.1785,3.210809,7806.258973,0.000692,0.00079,0.1920328328341882
wd:Q127868,wdt:P20,wd:Q1352,1,1.0,0.0,901065.0,10.485625,9.40816,50273.644056,0.002084,0.006396,0.1920328328341882
wd:Q83410,wdt:P20,wd:Q85,0,1.0,0.0,781110.0,1.438875,0.108547,3378.334752,0.000607,0.000169,0.17443255854309367
wd:Q150651,wdt:P20,wd:Q16563,0,0.0,0.0,338326.0,1.136125,0.067233,5597.745549,0.000957,0.000389,0.03985003901184372
wd:Q708002,wdt:P19,wd:Q2280,0,0.0,0.0,3110400.0,1.45375,0.090306,50326.830856,0.001603,0.000118,0.05644344191945582
wd:Q12325,wdt:P20,wd:Q127856,0,1.0,0.0,114845.0,1.59225,0.191886,2263.007946,0.001054,0.001645,0.17443255854309367
wd:Q8446,wdt:P20,wd:Q26887,0,0.0,0.0,59052.0,0.181625,0.067233,2957.11565,0.001096,0.001585,0.03985003901184372
wd:Q4061,wdt:P20,wd:Q62,0,0.0,0.0,1346224.0,4.492125,0.067233,2770.787811,0.000844,6.5e-05,0.0574503133029382
wd:Q11817,wdt:P20,wd:Q350,0,0.0,0.0,704894.0,1.61575,0.346906,14104.989929,0.000716,0.001197,0.03985003901184372
wd:Q9696,wdt:P20,wd:Q127856,0,1.0,0.0,543005.0,1.02675,0.191886,25156.162321,0.000747,0.00125,0.17443255854309367
wd:Q3772,wdt:P159,wd:Q2280,0,0.0,0.0,1636200.0,1.476375,0.108547,2690.118135,0.000614,0.00012,0.1920328328341882
wd:Q228909,wdt:P20,wd:Q62,0,1.0,0.0,2876024.0,5.01125,0.067233,3679.45047,0.00085,6.5e-05,0.1920328328341882
wd:Q53370,wdt:P355,wd:Q36600,0,0.0,1.0,1048923.0,2.89875,0.0,3142.337944,0.000297,0.0,0.03884316762836134
wd:Q189081,wdt:P20,wd:Q16555,1,1.0,0.0,818800.0,6.178875,0.608083,6375.35896,0.001044,0.000483,0.17443255854309367
wd:Q11891,wdt:P20,wd:Q23197,1,1.0,0.0,230724.0,2.422875,0.985317,39358.188248,0.001128,0.001447,0.17443255854309367
wd:Q156205,wdt:P20,wd:Q506446,0,0.0,0.0,8370.0,0.0295,0.0,2207.509818,0.000505,0.0,0.03985003901184372
wd:Q82250,wdt:P20,wd:Q65,0,0.0,0.0,4249786.0,11.78475,0.067233,21518.361413,0.001147,3.3e-05,0.05644344191945582
wd:Q34851,wdt:P20,wd:Q60,0,0.0,0.0,12418670.0,22.1835,1.625273,67919.174307,0.00087,0.00012,0.8398288069999448
wd:Q11237,wdt:P26,wd:Q60,0,0.0,1.0,5113570.0,43.9485,2.912406,92765.433833,0.000826,0.000181,0.05644344191945582
wd:Q34969,wdt:P26,wd:Q36091,0,0.0,1.0,1891188.0,5.107,0.65223,2306.68521,0.000886,0.000644,0.05644344191945582
wd:Q310819,wdt:P19,wd:Q846421,0,1.0,0.0,14820.0,0.181375,0.067233,7751.641355,0.001224,0.003268,0.17443255854309367
wd:Q214548,wdt:P20,wd:Q898857,1,1.0,0.0,22446.0,0.4725,1.431593,22912.314827,0.001199,0.017595,0.17443255854309367
wd:Q156205,wdt:P20,wd:Q127856,0,0.0,0.0,60210.0,0.20225,0.0,2057.856487,0.000591,0.0,0.03985003901184372
wd:Q93157,wdt:P20,wd:Q23436,0,0.0,0.0,2517229.0,2.357375,0.0,5026.762223,0.000588,0.0,0.05644344191945582
wd:Q16867,wdt:P20,wd:Q134902,0,0.0,0.0,698400.0,0.335375,0.060893,2076.376924,0.000613,0.000597,0.03985003901184372
wd:Q131355,wdt:P20,wd:Q23197,0,0.0,0.0,173043.0,0.867875,0.0,2542.854086,0.00066,0.0,0.03985003901184372
wd:Q205282,wdt:P20,wd:Q1020730,1,0.0,0.0,1943.0,0.0405,0.374161,9742.333842,0.001511,0.021277,0.03985003901184372
wd:Q42,wdt:P20,wd:Q986210,0,0.0,0.0,70700.0,0.299625,0.0,4719.498885,0.000646,0.0,0.03985003901184372
wd:Q150651,wdt:P20,wd:Q39561,0,1.0,0.0,120235.0,0.68675,0.067233,3119.946176,0.000854,0.000997,0.17443255854309367
wd:Q310819,wdt:P20,wd:Q49221,0,1.0,0.0,41520.0,0.307125,0.067233,5209.901811,0.001403,0.001332,0.17443255854309367
wd:Q35802,wdt:P20,wd:Q36600,1,1.0,0.0,3859245.0,12.306375,2.88793,4606.78551,0.000873,0.000551,0.1920328328341882
wd:Q104358,wdt:P20,wd:Q60,1,0.0,0.0,20055820.0,432.08925,22.079682,221594.703346,0.001044,0.00111,0.2255421173055572
wd:Q1203,wdt:P26,wd:Q16555,0,0.0,1.0,4814544.0,1.628125,0.108547,10692.73644,0.000653,0.000114,0.05644344191945582
wd:Q165421,wdt:P20,wd:Q60,1,1.0,0.0,12485080.0,847.836875,11.403372,200399.851081,0.001042,0.000676,0.24035548573633655
wd:Q95,wdt:P159,wd:Q1182077,0,0.0,0.0,305200.0,0.295875,0.067233,2712.13478,0.001991,0.000182,0.1920328328341882
wd:Q8049272,wdt:P159,wd:Q99,1,0.0,0.0,274760.0,1.391125,0.164676,6046.328549,0.000908,5.8e-05,0.1920328328341882
wd:Q7711649,wdt:P159,wd:Q5083,1,1.0,0.0,80170.0,4.5165,0.067233,55295.808527,0.000832,0.000125,0.1920328328341882
wd:Q54959139,wdt:P159,wd:Q99,1,1.0,0.0,446485.0,6.89625,0.484265,11825.717777,0.000801,5.8e-05,0.1920328328341882
wd:Q7388290,wdt:P159,wd:Q47034,0,0.0,0.0,6033.0,0.011,0.0,1556.398219,0.000284,0.0,0.17443255854309367
wd:Q37093,wdt:P159,wd:Q486860,0,0.0,0.0,80520.0,0.07875,0.690402,9206.904344,0.001144,0.004615,0.17443255854309367
wd:Q11463,wdt:P159,wd:Q1930,0,0.0,0.0,9502720.0,0.067875,0.45512,6574.177953,0.000432,9e-05,0.06750219585757732
wd:Q6658184,wdt:P159,wd:Q84,1,1.0,0.0,690816.0,23.633875,0.48547,44129.699695,0.000558,3.5e-05,0.1920328328341882
wd:Q5455375,wdt:P159,wd:Q84,1,0.0,0.0,259056.0,6.753125,0.060893,21724.330647,0.000312,1.2e-05,0.1920328328341882
wd:Q389261,wdt:P159,wd:Q484678,0,1.0,0.0,147900.0,0.25375,0.067233,2504.733047,0.001079,0.000384,0.1920328328341882
wd:Q1758666,wdt:P159,wd:Q649,1,1.0,0.0,1259390.0,37.864625,3.514944,13057.879215,0.00121,0.00021,0.1920328328341882
wd:Q4742370,wdt:P159,wd:Q64,1,0.0,0.0,65932.0,0.0,0.0,-13.454626,0.000272,0.0,0.17443255854309367
wd:Q429316,wdt:P166,wd:Q853552,0,0.0,0.0,8442.0,0.023875,0.067233,2833.520499,0.000846,0.005208,0.17443255854309367
wd:Q7202269,wdt:P159,wd:Q1084206,0,0.0,0.0,104.0,0.0005,0.0,38.466451,0.000507,0.0,0.17443255854309367
wd:Q8049272,wdt:P159,wd:Q30,1,1.0,0.0,23048784.0,58.98875,1.616749,10415.423183,0.001411,2e-06,0.906914703464777
wd:Q7711649,wdt:P159,wd:Q30,1,1.0,1.0,28810980.0,394.42425,1.230071,17391.354991,0.001287,2e-06,0.2251689775962817
wd:Q5691381,wdt:P159,wd:Q30,1,1.0,0.0,14405490.0,13.1285,0.090061,15837.775167,0.000453,0.0,0.8398288069999448
wd:Q3439723,wdt:P159,wd:Q23337,0,0.0,0.0,31614.0,0.36225,0.067233,3318.236466,0.000868,0.000347,0.17443255854309367
wd:Q2143512,wdt:P159,wd:Q34218,0,0.0,0.0,5120.0,0.00525,0.0,659.44556,0.000762,0.0,0.17443255854309367
wd:Q35236,wdt:P20,wd:Q8646,0,0.0,0.0,15454999.0,3.221375,0.25806,6741.962411,0.000224,3.9e-05,0.8192791734053939
wd:Q7171235,wdt:P159,wd:Q62,0,0.0,0.0,61192.0,1.515,0.067233,48234.561457,0.000416,6.5e-05,0.17443255854309367
wd:Q313013,wdt:P54,wd:Q185582,0,1.0,0.0,321368.0,0.442875,0.067233,3188.136342,0.001572,0.000714,0.17443255854309367
wd:Q83484,wdt:P159,wd:Q4491,0,0.0,0.0,12834.0,0.141125,0.544206,3751.444934,0.001144,0.028226,0.1920328328341882
wd:Q17514433,wdt:P159,wd:Q145,1,1.0,1.0,12328056.0,413.521375,1.066902,4650.129491,0.000974,4e-06,0.1608907971081767
wd:Q30873,wdt:P159,wd:Q1757,0,0.0,0.0,2737060.0,0.084875,0.0,26228.289357,0.000518,0.0,0.0574503133029382
wd:Q1364176,wdt:P159,wd:Q16559,0,0.0,0.0,611712.0,0.065625,0.172083,3250.927912,0.004749,0.000254,0.1920328328341882
wd:Q7576947,wdt:P159,wd:Q846413,0,0.0,0.0,655.0,0.017625,0.067233,1841.89233,0.000696,0.007407,0.17443255854309367
wd:Q18217330,wdt:P159,wd:Q727,1,1.0,0.0,220616.0,6.23025,0.0,4812.633839,0.000368,0.0,0.1920328328341882
wd:Q95,wdt:P159,wd:Q14960,0,0.0,0.0,273197600.0,0.340375,0.0,2174.1642,0.000558,0.0,0.23682032094881122
wd:Q2749075,wdt:P159,wd:Q24639,1,1.0,0.0,46072.0,5.476625,0.435317,9688.548412,0.000712,0.000347,0.1920328328341882
wd:Q1457205,wdt:P166,wd:Q80517,0,0.0,0.0,24824.0,0.38225,0.406856,6787.931342,0.001548,0.002265,0.17443255854309367
wd:Q7441960,wdt:P159,wd:Q1384,1,1.0,0.0,243685.0,2.87,0.157294,34671.298607,0.000948,0.000107,0.1920328328341882
wd:Q1045778,wdt:P159,wd:Q99,0,1.0,0.0,4567885.0,2.376875,0.067233,14731.204683,0.00051,2.9e-05,0.1920328328341882
wd:Q65297342,wdt:P159,wd:Q211,1,0.0,0.0,301728.0,0.078375,0.171044,4923.057785,0.000391,2e-05,0.1920328328341882
wd:Q5582520,wdt:P159,wd:Q1439,1,0.0,0.0,153405.0,5.398625,0.067233,5974.322825,0.001068,4.6e-05,0.1920328328341882
wd:Q5428307,wdt:P159,wd:Q148,1,1.0,1.0,14885374.0,780.142,0.849512,4230.702037,0.001197,6e-06,0.24035548573633655
wd:Q5926670,wdt:P159,wd:Q148,1,1.0,1.0,5316205.0,151.873375,0.270341,4185.107592,0.001103,2e-06,0.8301507647773372
wd:Q18636616,wdt:P159,wd:Q172,1,1.0,0.0,66528.0,3.9875,0.632754,6044.176314,0.0017,0.00012,0.1920328328341882
wd:Q6537909,wdt:P159,wd:Q668,1,0.0,0.0,7779024.0,254.443625,0.614321,7048.254841,0.001194,3e-06,0.8287700530618234
wd:Q188176,wdt:P26,wd:Q18419,0,0.0,1.0,2045766.0,5.447125,0.391197,10624.589736,0.001155,0.000256,0.05644344191945582
wd:Q105686601,wdt:P159,wd:Q1166,1,0.0,0.0,7454.0,0.000125,0.0,2.29459,0.000344,0.0,0.17443255854309367
wd:Q5215986,wdt:P159,wd:Q62,0,0.0,0.0,122384.0,1.531,0.067233,9033.233329,0.000689,6.5e-05,0.17443255854309367
wd:Q18636616,wdt:P159,wd:Q1904,1,1.0,0.0,217236.0,6.791625,0.177534,7622.654144,0.001962,3.7e-05,0.1920328328341882
wd:Q1469903,wdt:P50,wd:Q1425428,0,0.0,0.0,42231.0,0.48,0.070771,4924.108429,0.001474,0.000492,0.03985003901184372
wd:Q56291584,wdt:P159,wd:Q62,1,1.0,0.0,351854.0,3.0515,0.426615,5508.520118,0.001043,0.000261,0.1920328328341882
wd:Q5382501,wdt:P159,wd:Q62,1,1.0,0.0,198874.0,11.23975,0.328601,7999.441376,0.000734,0.000196,0.1920328328341882
wd:Q48989067,wdt:P159,wd:Q8646,1,0.0,0.0,228399.0,11.647625,0.558111,6051.683312,0.002063,1.3e-05,0.1920328328341882
wd:Q5926670,wdt:P159,wd:Q8646,1,1.0,0.0,380665.0,5.606,0.072063,3193.702273,0.000362,1.3e-05,0.1920328328341882
wd:Q16843335,wdt:P159,wd:Q47164,1,1.0,0.0,8788.0,0.330625,0.164058,4307.92216,0.00136,0.00091,0.1920328328341882
wd:Q18355661,wdt:P159,wd:Q334,1,1.0,1.0,264960.0,15.92825,0.098186,14796.300162,0.000385,3.8e-05,0.1920328328341882
wd:Q186394,wdt:P159,wd:Q1377716,0,0.0,0.0,96186.0,0.0,0.0,-12.909871,0.000248,0.0,0.17443255854309367
wd:Q4926804,wdt:P159,wd:Q23436,1,0.0,0.0,70412.0,2.694875,0.434294,150563.254876,0.001547,5.7e-05,0.17443255854309367
wd:Q215359,wdt:P159,wd:Q234453,0,0.0,0.0,56048.0,0.16675,0.128126,2551.219692,0.00111,0.004237,0.17443255854309367
wd:Q1228778,wdt:P159,wd:Q208459,0,0.0,0.0,1920.0,0.072125,0.067233,3964.215135,0.000796,0.002577,0.17443255854309367
wd:Q29098418,wdt:P159,wd:Q1492,1,1.0,0.0,258489.0,10.037625,0.074413,4411.331611,0.000895,2.7e-05,0.1920328328341882
wd:Q24958455,wdt:P159,wd:Q43421,1,1.0,0.0,33838.0,1.60725,0.067233,3367.397966,0.000803,0.000412,0.1920328328341882
wd:Q210075,wdt:P159,wd:Q1439,0,1.0,0.0,1095750.0,5.4545,0.188645,4859.94491,0.000481,9.1e-05,0.1920328328341882
wd:Q13512396,wdt:P159,wd:Q72,1,1.0,0.0,168982.0,11.5265,0.257313,5685.300587,0.000881,0.00013,0.1920328328341882
wd:Q7388290,wdt:P159,wd:Q23154,0,0.0,0.0,9126.0,0.01625,0.0,2338.207275,0.000298,0.0,0.17443255854309367
wd:Q3648649,wdt:P159,wd:Q755745,1,1.0,0.0,954.0,0.03775,0.0,23430.668228,0.000668,0.0,0.17443255854309367
wd:Q7934,wdt:P54,wd:Q486860,0,0.0,0.0,89792.0,0.101625,0.067233,2518.402004,0.001074,0.00149,0.03884316762836134
wd:Q192955,wdt:P166,wd:Q164177,0,0.0,0.0,23895.0,0.97675,0.417839,17605.93332,0.000805,0.006993,0.17443255854309367
wd:Q84302381,wdt:P54,wd:Q170558,1,1.0,0.0,6156.0,0.343875,0.265391,4022.341302,0.000807,0.008824,0.17443255854309367
wd:Q25278,wdt:P54,wd:Q121783,1,0.0,0.0,36712.0,9.847875,3.349892,172319.445352,0.001276,0.021563,0.03884316762836134
wd:Q270975,wdt:P161,wd:Q169661,0,0.0,0.0,16575.0,1.213125,0.265391,4185.667326,0.000626,0.00438,0.17443255854309367
wd:Q270975,wdt:P159,wd:Q131364,0,0.0,0.0,17450.0,1.309,0.425098,5292.657252,0.000707,0.005563,0.1920328328341882
wd:Q201386,wdt:P54,wd:Q167253,0,1.0,0.0,11688.0,0.78275,0.265391,5040.883156,0.000977,0.005906,0.17443255854309367
wd:Q371224,wdt:P54,wd:Q169661,0,0.0,0.0,12597.0,1.0185,0.265391,3466.037484,0.000678,0.004418,0.03884316762836134
wd:Q53370,wdt:P166,wd:Q9832,0,0.0,0.0,258640.0,0.284125,0.0,3014.094984,0.000202,0.0,0.17443255854309367
wd:Q369109,wdt:P54,wd:Q162954,0,0.0,0.0,12360.0,0.79575,0.265391,3814.856104,0.000774,0.005597,0.03884316762836134
wd:Q298531,wdt:P54,wd:Q170329,0,1.0,0.0,14718.0,0.71775,0.265391,4964.273054,0.000889,0.006303,0.17443255854309367
wd:Q189080,wdt:P20,wd:Q6147647,0,0.0,0.0,2097.0,0.008625,0.140339,381.675319,0.000828,0.008333,0.03985003901184372
wd:Q310411,wdt:P54,wd:Q128109,0,1.0,0.0,13363.0,0.970875,0.265391,4123.946169,0.000978,0.004992,0.17443255854309367
wd:Q129041,wdt:P54,wd:Q121783,1,1.0,0.0,26828.0,1.569625,0.766611,7154.627973,0.00106,0.006766,0.17443255854309367
wd:Q32253,wdt:P54,wd:Q180950,0,0.0,0.0,2774.0,0.209625,0.435769,11847.529031,0.00099,0.024845,0.03884316762836134
wd:Q318908,wdt:P54,wd:Q162954,0,0.0,0.0,10815.0,0.49725,0.198158,29287.018843,0.000645,0.003745,0.03884316762836134
wd:Q278116,wdt:P54,wd:Q36406,1,1.0,0.0,4600.0,0.122625,0.156544,4863.679279,0.000578,0.009662,0.17443255854309367
wd:Q966111,wdt:P54,wd:Q169165,1,1.0,0.0,15196.0,1.017875,0.198158,11658.213174,0.000617,0.00363,0.17443255854309367
wd:Q2454988,wdt:P54,wd:Q165529,1,0.0,0.0,10105.0,1.473125,0.515806,109937.334874,0.000877,0.018315,0.03884316762836134
wd:Q4999219,wdt:P54,wd:Q6674,1,1.0,0.0,3586.0,0.00725,0.110509,579.448545,0.000406,0.002976,0.17443255854309367
wd:Q295521,wdt:P54,wd:Q165529,1,0.0,0.0,4935.0,0.44075,0.417384,4056.60295,0.00067,0.015873,0.03884316762836134
wd:Q222851,wdt:P54,wd:Q166105,1,0.0,0.0,13068.0,0.810625,0.417098,8048.270898,0.000599,0.006536,0.03884316762836134
wd:Q317583,wdt:P54,wd:Q170649,0,0.0,0.0,8064.0,0.57375,0.426987,4626.958109,0.000806,0.009975,0.03884316762836134
wd:Q555264,wdt:P26,wd:Q169138,0,0.0,1.0,8625.0,0.556,0.265391,3313.704006,0.000705,0.008174,0.03985003901184372
wd:Q897000,wdt:P54,wd:Q169165,1,0.0,0.0,9956.0,0.78425,0.265391,10805.715028,0.000843,0.005556,0.03884316762836134
wd:Q13562909,wdt:P54,wd:Q169165,1,0.0,0.0,8384.0,0.72925,0.265391,4211.836516,0.000794,0.005587,0.03884316762836134
wd:Q14834367,wdt:P54,wd:Q169165,1,1.0,0.0,11004.0,0.961125,0.607097,13294.527174,0.000958,0.009259,0.17443255854309367
wd:Q553063,wdt:P54,wd:Q161337,0,0.0,0.0,8400.0,0.65475,0.417839,11812.020345,0.000698,0.011204,0.03884316762836134
wd:Q1658960,wdt:P54,wd:Q976396,1,0.0,0.0,13468.0,0.904625,0.417839,3721.030738,0.001052,0.007407,0.03884316762836134
wd:Q295322,wdt:P355,wd:Q166105,0,1.0,1.0,22572.0,1.13025,0.417839,3500.58885,0.000962,0.006369,0.17443255854309367
wd:Q2733498,wdt:P54,wd:Q121783,1,0.0,0.0,17650.0,1.47525,0.581331,10199.551712,0.000981,0.006887,0.03884316762836134
wd:Q312648,wdt:P54,wd:Q170649,0,1.0,0.0,10368.0,0.651375,0.576741,4607.036615,0.000823,0.012315,0.17443255854309367
wd:Q77044,wdt:P54,wd:Q161337,0,0.0,0.0,8064.0,0.616125,0.417839,4677.863452,0.00083,0.011236,0.03884316762836134
wd:Q706180,wdt:P54,wd:Q170649,0,0.0,0.0,10368.0,0.654375,0.577791,25429.889922,0.00083,0.012315,0.03884316762836134
wd:Q967630,wdt:P54,wd:Q161345,0,0.0,0.0,13100.0,0.767875,0.55393,7182.149885,0.000957,0.007339,0.03884316762836134
wd:Q47087,wdt:P50,wd:Q846421,0,0.0,0.0,73359.0,0.076625,0.0,6868.916454,0.000658,0.0,0.03985003901184372
wd:Q4933485,wdt:P54,wd:Q157376,1,1.0,0.0,14580.0,9.493625,0.986739,244592.560671,0.000874,0.005369,0.17443255854309367
wd:Q510147,wdt:P54,wd:Q164177,1,1.0,0.0,14868.0,1.76275,0.390045,18074.070123,0.001404,0.007207,0.17443255854309367
wd:Q5944683,wdt:P54,wd:Q6674,1,1.0,0.0,8150.0,0.003875,0.0,345.361465,0.000382,0.0,0.17443255854309367
wd:Q464312,wdt:P54,wd:Q162954,1,0.0,0.0,12360.0,0.740125,0.265391,3257.677065,0.000821,0.005597,0.03884316762836134
wd:Q553063,wdt:P54,wd:Q170558,0,0.0,0.0,8100.0,0.50075,0.265391,3158.402028,0.000766,0.008671,0.03884316762836134
wd:Q310166,wdt:P355,wd:Q62,0,1.0,1.0,734304.0,3.65375,0.067233,3918.99114,0.001032,6.5e-05,0.17443255854309367
wd:Q297146,wdt:P54,wd:Q132893,1,1.0,0.0,10925.0,0.67225,0.348343,3651.557682,0.000658,0.008734,0.17443255854309367
wd:Q7614435,wdt:P54,wd:Q165529,1,0.0,0.0,6580.0,0.949125,0.551264,109044.931055,0.000991,0.015444,0.03884316762836134
wd:Q30063347,wdt:P54,wd:Q169165,1,0.0,0.0,9432.0,0.585,0.149388,4568.226154,0.000919,0.003704,0.03884316762836134
wd:Q1906701,wdt:P54,wd:Q132880,1,0.0,0.0,2880.0,0.155125,0.082155,2721.209241,0.000706,0.003367,0.03884316762836134
wd:Q6499538,wdt:P20,wd:Q37922,0,0.0,0.0,12688.0,0.3085,0.0,3044.848625,0.0005,0.0,0.03985003901184372
wd:Q706180,wdt:P54,wd:Q1575624,1,1.0,0.0,2403.0,0.22675,0.4747,28733.38953,0.001188,0.035714,0.17443255854309367
wd:Q1290500,wdt:P54,wd:Q41506,1,0.0,0.0,513480.0,4.16775,0.0,2000.678812,0.000425,0.0,0.03884316762836134
wd:Q201386,wdt:P355,wd:Q38104,0,1.0,1.0,16776.0,0.363875,0.0,3067.598506,0.000507,0.0,0.17443255854309367
wd:Q139376,wdt:P50,wd:Q167253,0,0.0,0.0,11688.0,1.052,0.421962,27968.455898,0.000865,0.00789,0.03985003901184372
wd:Q131318,wdt:P355,wd:Q16558,0,1.0,1.0,63673.0,0.2315,0.0,2520.788478,0.000634,0.0,0.17443255854309367
wd:Q669334,wdt:P54,wd:Q138089,0,0.0,0.0,17275.0,0.9055,0.418104,3464.823649,0.000909,0.005618,0.03884316762836134
wd:Q77044,wdt:P50,wd:Q172339,0,0.0,0.0,6696.0,0.429875,0.265391,3332.847685,0.000666,0.01,0.03985003901184372
wd:Q521931,wdt:P54,wd:Q131371,1,0.0,0.0,20160.0,0.7875,0.198158,6787.428618,0.00093,0.002681,0.03884316762836134
wd:Q3723697,wdt:P54,wd:Q170558,1,1.0,0.0,13284.0,0.7495,0.509631,7864.667823,0.000768,0.01108,0.17443255854309367
wd:Q371821,wdt:P54,wd:Q169165,0,0.0,0.0,13100.0,0.460625,0.50382,41616.574319,0.000728,0.007339,0.03884316762836134
wd:Q442623,wdt:P54,wd:Q180950,0,0.0,0.0,2482.0,0.192625,0.265391,11569.479928,0.001175,0.01875,0.03884316762836134
wd:Q447286,wdt:P54,wd:Q976396,0,0.0,0.0,13986.0,0.9215,0.417098,5461.442091,0.000611,0.007394,0.03884316762836134
wd:Q447286,wdt:P54,wd:Q170649,0,0.0,0.0,10368.0,0.595,0.578631,3607.112052,0.000827,0.012315,0.03884316762836134
wd:Q524480,wdt:P54,wd:Q163480,0,1.0,0.0,7975.0,0.49025,0.265391,27321.573057,0.000743,0.008798,0.17443255854309367
wd:Q645386,wdt:P54,wd:Q165529,1,0.0,0.0,5170.0,0.2395,0.350151,18483.110045,0.000685,0.011811,0.03884316762836134
wd:Q314071,wdt:P54,wd:Q36551,1,0.0,0.0,17983.0,0.3685,0.082155,6229.420501,0.00075,0.00241,0.03884316762836134
wd:Q8076063,wdt:P26,wd:Q127856,0,0.0,1.0,14495.0,0.273125,0.0,2443.070394,0.000541,0.0,0.03985003901184372
wd:Q3071971,wdt:P54,wd:Q167253,1,1.0,0.0,11688.0,0.771,0.265391,2913.684094,0.000916,0.005906,0.17443255854309367
wd:Q16574,wdt:P54,wd:Q167253,0,0.0,0.0,70128.0,0.132875,0.0,2294.131155,0.000548,0.0,0.03884316762836134
wd:Q2834672,wdt:P355,wd:Q169165,0,1.0,1.0,13100.0,0.125625,0.0,2296.537757,0.000442,0.0,0.17443255854309367
wd:Q722629,wdt:P19,wd:Q170558,0,1.0,0.0,11016.0,0.5535,0.265391,3567.34384,0.001183,0.008451,0.17443255854309367
wd:Q722629,wdt:P54,wd:Q165529,0,0.0,0.0,7990.0,0.4035,0.417384,5204.655023,0.001184,0.015094,0.03884316762836134
wd:Q360955,wdt:P54,wd:Q138089,1,0.0,0.0,17966.0,1.136,0.589573,4231.39582,0.000757,0.007022,0.03884316762836134
wd:Q295322,wdt:P54,wd:Q169661,0,1.0,0.0,25194.0,1.27725,0.265391,4543.423455,0.000985,0.004298,0.17443255854309367
wd:Q3814637,wdt:P54,wd:Q131364,1,1.0,0.0,15356.0,1.4195,0.542993,10691.858596,0.000933,0.006993,0.17443255854309367
wd:Q311869,wdt:P54,wd:Q169661,0,0.0,0.0,15249.0,1.034875,0.265391,4035.814367,0.000764,0.004392,0.03884316762836134
wd:Q7408037,wdt:P54,wd:Q180950,1,0.0,0.0,2044.0,0.12325,0.149388,9592.468875,0.000977,0.012658,0.03884316762836134
wd:Q278116,wdt:P54,wd:Q170558,0,0.0,0.0,8100.0,0.264,0.198158,6594.020587,0.000615,0.005764,0.03884316762836134
wd:Q536913,wdt:P50,wd:Q15033660,0,0.0,0.0,1260.0,0.017625,0.060893,2528.61658,0.00099,0.011494,0.03985003901184372
wd:Q316313,wdt:P50,wd:Q7727469,1,0.0,0.0,7182.0,0.908,3.834387,66165.061248,0.002209,0.034188,0.03985003901184372
wd:Q455780,wdt:P50,wd:Q28130013,0,0.0,0.0,2190.0,0.028875,0.236183,5086.758754,0.003582,0.012579,0.03985003901184372
wd:Q261962,wdt:P159,wd:Q5306732,0,0.0,0.0,1378.0,0.1675,0.581496,254426.20062,0.001332,0.025862,0.1920328328341882
wd:Q381477,wdt:P166,wd:Q284803,0,0.0,0.0,15687.0,0.014375,0.0,1332.299277,0.000475,0.0,0.17443255854309367
wd:Q1050951,wdt:P50,wd:Q5466556,1,1.0,0.0,297.0,0.060125,0.299511,27611.629517,0.002472,0.085714,0.1920328328341882
wd:Q36488,wdt:P20,wd:Q79867,0,0.0,0.0,637728.0,0.326,0.099134,2316.794036,0.000418,0.000448,0.03985003901184372
wd:Q233046,wdt:P19,wd:Q4241520,0,0.0,0.0,1708.0,0.187625,1.930735,33022.759002,0.002483,0.054264,0.1920328328341882
wd:Q202122,wdt:P50,wd:Q4525899,0,0.0,0.0,308.0,0.022875,0.235594,2927.366799,0.002692,0.083333,0.0574503133029382
wd:Q765,wdt:P159,wd:Q138578,0,0.0,0.0,39372.0,0.082,0.0,2728.509498,0.000535,0.0,0.17443255854309367
wd:Q809012,wdt:P50,wd:Q7440093,1,1.0,0.0,216.0,0.030375,0.235594,14976.936632,0.003732,0.09375,0.1920328328341882
wd:Q238438,wdt:P50,wd:Q850150,1,1.0,0.0,855.0,0.0805,1.77242,10098.950394,0.002875,0.107692,0.1920328328341882
wd:Q1628278,wdt:P50,wd:Q2246747,0,0.0,0.0,364.0,0.02075,0.235594,2909.665575,0.00215,0.078947,0.0574503133029382
wd:Q3066599,wdt:P50,wd:Q17113693,1,1.0,0.0,390.0,0.059125,0.517997,31053.584488,0.002053,0.065217,0.17443255854309367
wd:Q313673,wdt:P50,wd:Q7755720,1,1.0,0.0,1036.0,0.12875,0.955829,85462.175926,0.001976,0.047619,0.17443255854309367
wd:Q1320489,wdt:P54,wd:Q4551390,0,0.0,0.0,1105.0,0.15625,2.539312,93228.358563,0.00336,0.108108,0.05644344191945582
wd:Q720562,wdt:P50,wd:Q5517796,1,0.0,0.0,2100.0,0.2265,1.069659,37407.832489,0.002958,0.031447,0.03985003901184372
wd:Q207867,wdt:P50,wd:Q3100305,1,0.0,0.0,768.0,0.645875,1.619585,129535.95659,0.00238,0.142857,0.0574503133029382
wd:Q7794469,wdt:P161,wd:Q60,0,0.0,0.0,1394610.0,20.839625,0.31599,69081.639529,0.001007,4.5e-05,0.1920328328341882
wd:Q5407092,wdt:P50,wd:Q3878987,0,0.0,0.0,143.0,0.00575,0.060893,510.562595,0.001796,0.043478,0.03985003901184372
wd:Q206,wdt:P50,wd:Q127856,0,0.0,0.0,70245.0,0.58975,0.0,1825.552551,0.000632,0.0,0.03985003901184372
wd:Q5243582,wdt:P50,wd:Q7637917,1,1.0,0.0,3828.0,0.071125,0.419333,6274.496927,0.001128,0.024793,0.17443255854309367
wd:Q5243582,wdt:P50,wd:Q7637917,1,1.0,0.0,3828.0,0.071125,0.419333,6274.496927,0.001128,0.024793,0.17443255854309367
wd:Q440612,wdt:P20,wd:Q7718528,0,0.0,0.0,290.0,0.078125,1.403754,127993.23322,0.003792,0.114286,0.0574503133029382
wd:Q216896,wdt:P50,wd:Q1723311,1,1.0,0.0,1547.0,0.14125,0.381211,76696.038894,0.001181,0.023256,0.17443255854309367
wd:Q188176,wdt:P50,wd:Q3157174,0,0.0,0.0,1239.0,0.043125,0.128126,3585.187786,0.001084,0.010989,0.03985003901184372
wd:Q489193,wdt:P50,wd:Q901356,1,1.0,0.0,1920.0,0.1315,1.333584,27381.587433,0.001688,0.043796,0.17443255854309367
wd:Q1090406,wdt:P50,wd:Q662029,0,0.0,0.0,1376.0,0.053125,0.352045,18180.210201,0.001249,0.041667,0.03985003901184372
wd:Q372182,wdt:P50,wd:Q7741981,0,0.0,0.0,1200.0,0.0245,0.239132,3531.875954,0.00122,0.027523,0.03985003901184372
wd:Q40640,wdt:P50,wd:Q202009,1,1.0,0.0,8190.0,0.244625,2.217847,8677.746461,0.001023,0.027108,0.17443255854309367
wd:Q172140,wdt:P50,wd:Q4337552,1,1.0,0.0,2465.0,0.165875,1.897323,46432.524683,0.001863,0.038462,0.17443255854309367
wd:Q42,wdt:P50,wd:Q3107329,1,1.0,0.0,9100.0,0.280625,5.622485,46601.393975,0.001687,0.080952,0.1920328328341882
wd:Q49074,wdt:P50,wd:Q7746054,0,0.0,0.0,1674.0,0.07925,0.252779,11388.193822,0.001071,0.015625,0.03985003901184372
wd:Q171091,wdt:P50,wd:Q3345309,0,0.0,0.0,4329.0,0.136,0.401281,5171.176088,0.00102,0.011696,0.03985003901184372
wd:Q440612,wdt:P50,wd:Q7761136,0,0.0,0.0,377.0,0.012,0.0,4328.019997,0.000566,0.0,0.03985003901184372
wd:Q3897539,wdt:P50,wd:Q7726662,0,0.0,0.0,729.0,0.0155,0.128126,1426.271383,0.002081,0.038462,0.03985003901184372
wd:Q489193,wdt:P50,wd:Q83799,0,0.0,0.0,3072.0,0.021625,0.107468,3626.717888,0.000815,0.006623,0.03985003901184372
wd:Q7794469,wdt:P50,wd:Q4127669,1,1.0,0.0,147.0,0.020125,0.31599,9302.424181,0.004871,0.12,0.1920328328341882
wd:Q982133,wdt:P50,wd:Q7530360,0,0.0,0.0,560.0,0.0215,0.060893,2915.14129,0.00083,0.012987,0.03985003901184372
wd:Q254635,wdt:P50,wd:Q5049973,0,0.0,0.0,414.0,0.01425,0.176121,2730.199309,0.001742,0.037736,0.03985003901184372
wd:Q2594458,wdt:P50,wd:Q7726662,0,0.0,0.0,891.0,0.013125,0.174701,977.176791,0.003516,0.034483,0.03985003901184372
wd:Q315069,wdt:P50,wd:Q2743935,0,0.0,0.0,1110.0,0.037375,0.235594,11892.803174,0.001226,0.034884,0.03985003901184372
wd:Q326542,wdt:P50,wd:Q5418587,1,0.0,0.0,640.0,0.013375,0.060893,3802.524275,0.000859,0.013699,0.03985003901184372
wd:Q469737,wdt:P50,wd:Q3224638,1,1.0,0.0,324.0,0.04575,1.283768,23305.288546,0.003793,0.097561,0.1920328328341882
wd:Q337373,wdt:P50,wd:Q7530360,1,1.0,0.0,432.0,0.052,0.239132,48869.079481,0.001687,0.050847,0.17443255854309367
wd:Q202122,wdt:P50,wd:Q3063278,0,0.0,0.0,280.0,0.0125,0.060893,2434.533901,0.00161,0.027027,0.03985003901184372
wd:Q314416,wdt:P50,wd:Q785354,1,0.0,0.0,1580.0,0.288625,1.824201,39979.561098,0.00237,0.043478,0.03985003901184372
wd:Q504677,wdt:P50,wd:Q7721493,1,0.0,0.0,396.0,0.564,0.885217,148353.703372,0.002818,0.125,0.0574503133029382
wd:Q254635,wdt:P50,wd:Q2849572,1,1.0,0.0,966.0,0.346,2.777524,91986.675447,0.002953,0.196429,0.1920328328341882
wd:Q181659,wdt:P50,wd:Q2008211,1,1.0,0.0,5859.0,0.42025,2.301317,37678.683063,0.001611,0.034483,0.17443255854309367
wd:Q2252,wdt:P50,wd:Q7745600,0,0.0,0.0,1000.0,0.023875,0.128126,2761.378048,0.000963,0.015267,0.03985003901184372
wd:Q358312,wdt:P159,wd:Q4676501,0,0.0,0.0,1428.0,0.406375,3.065819,78249.202082,0.003231,0.084112,0.1920328328341882
wd:Q297538,wdt:P50,wd:Q2743935,0,0.0,0.0,1725.0,0.04525,0.235594,10030.488395,0.000992,0.023622,0.03985003901184372
wd:Q2023638,wdt:P50,wd:Q3243512,1,1.0,0.0,322.0,0.11575,1.203452,246113.372265,0.004113,0.233333,0.1920328328341882
wd:Q1173398,wdt:P50,wd:Q482085,0,0.0,0.0,1728.0,0.041875,0.235594,9177.373995,0.001245,0.037037,0.03985003901184372
wd:Q1701769,wdt:P50,wd:Q1659714,0,0.0,0.0,416.0,0.024,0.235594,4385.429828,0.00213,0.071429,0.03985003901184372
wd:Q312995,wdt:P50,wd:Q28130013,0,0.0,0.0,1575.0,0.020875,0.279568,4931.590891,0.002852,0.016949,0.03985003901184372
wd:Q9021,wdt:P50,wd:Q848612,0,0.0,0.0,9405.0,0.01525,0.0,4203.340856,0.000396,0.0,0.03985003901184372
wd:Q316785,wdt:P50,wd:Q4750259,1,0.0,0.0,1296.0,0.3585,0.967873,40678.029391,0.001899,0.026846,0.03985003901184372
wd:Q315059,wdt:P50,wd:Q957076,1,1.0,0.0,1386.0,0.151875,2.03973,36033.229567,0.002662,0.053846,0.17443255854309367
wd:Q760805,wdt:P159,wd:Q484678,0,0.0,0.0,73950.0,1.052875,0.067233,5177.219889,0.000652,0.000388,0.17443255854309367
wd:Q148234,wdt:P50,wd:Q673493,1,1.0,0.0,5160.0,1.3755,3.958912,93612.639208,0.001697,0.071749,0.1920328328341882
wd:Q313185,wdt:P50,wd:Q5306732,0,0.0,0.0,1742.0,0.062875,0.392346,5661.098541,0.001274,0.027972,0.03985003901184372
wd:Q440100,wdt:P50,wd:Q83799,0,0.0,0.0,2424.0,0.011125,0.0,2743.20254,0.000802,0.0,0.03985003901184372
wd:Q3181114,wdt:P50,wd:Q728312,0,0.0,0.0,384.0,0.018,0.168361,2335.194022,0.002179,0.052632,0.03985003901184372
wd:Q155855,wdt:P50,wd:Q373479,1,1.0,0.0,14240.0,0.58675,2.143186,42715.757959,0.001859,0.005549,0.17443255854309367
wd:Q380869,wdt:P50,wd:Q3063278,1,1.0,0.0,1100.0,0.120875,0.387286,19477.497165,0.001951,0.025641,0.17443255854309367
wd:Q8006,wdt:P26,wd:Q80061,0,0.0,1.0,217932.0,0.395125,0.0,12910.700917,0.000346,0.0,0.03985003901184372
wd:Q335312,wdt:P161,wd:Q60,0,0.0,0.0,5312800.0,13.59275,0.060893,49654.407669,0.000518,1.5e-05,0.05644344191945582
wd:Q517435,wdt:P50,wd:Q17093213,1,1.0,0.0,168.0,0.0135,0.128126,1514.493759,0.002896,0.0625,0.17443255854309367
wd:Q329999,wdt:P50,wd:Q1197167,1,1.0,0.0,600.0,0.033875,0.239132,6750.469879,0.001555,0.050847,0.17443255854309367
wd:Q140201,wdt:P50,wd:Q2519711,1,0.0,0.0,2430.0,0.73375,1.796724,143987.398196,0.001427,0.0625,0.03985003901184372
wd:Q7934,wdt:P50,wd:Q11157229,0,0.0,0.0,4600.0,0.060375,0.174701,4618.967203,0.000776,0.009662,0.03985003901184372
wd:Q294625,wdt:P50,wd:Q427110,1,1.0,0.0,1000.0,0.09625,1.743963,8502.417207,0.002876,0.057692,0.17443255854309367
wd:Q675396,wdt:P50,wd:Q929899,0,0.0,0.0,684.0,0.00825,0.0,2183.318468,0.000708,0.0,0.03985003901184372
wd:Q28092494,wdt:P26,wd:Q99,1,0.0,1.0,137380.0,0.57375,0.0,1927.176716,0.000476,0.0,0.03985003901184372
wd:Q26625,wdt:P26,wd:Q40715,1,1.0,1.0,49692.0,8.17225,15.633453,161985.470278,0.001531,0.119904,0.1920328328341882
wd:Q129159,wdt:P166,wd:Q719,0,0.0,0.0,10860.0,0.066125,0.0,2451.719595,0.000485,0.0,0.17443255854309367
wd:Q5569036,wdt:P26,wd:Q21067404,0,0.0,1.0,117.0,0.006375,0.125194,286.55298,0.005578,0.1,0.0574503133029382
wd:Q160432,wdt:P26,wd:Q283703,1,1.0,1.0,8308.0,0.64225,6.241437,41607.213019,0.00157,0.136905,0.1920328328341882
wd:Q6373374,wdt:P26,wd:Q712964,1,1.0,1.0,420.0,0.054875,0.3579,10541.245686,0.003541,0.128205,0.1920328328341882
wd:Q168847,wdt:P50,wd:Q645704,0,0.0,0.0,2366.0,0.252,1.0686,139614.17018,0.001471,0.073394,0.03985003901184372
wd:Q468577,wdt:P26,wd:Q306403,0,0.0,1.0,10653.0,0.0685,0.487444,4943.276523,0.000908,0.024194,0.03985003901184372
wd:Q234471,wdt:P26,wd:Q462327,1,1.0,1.0,8835.0,0.223375,0.467833,75602.20563,0.001456,0.032967,0.17443255854309367
wd:Q34436,wdt:P26,wd:Q192682,1,1.0,1.0,20898.0,0.23175,1.838529,11690.212877,0.001052,0.039286,0.17443255854309367
wd:Q2856959,wdt:P26,wd:Q133485,1,0.0,1.0,181125.0,1.151375,0.300102,5596.671372,0.001162,0.000138,0.03985003901184372
wd:Q15990279,wdt:P26,wd:Q133485,1,0.0,1.0,152145.0,2.89525,1.505836,40448.812709,0.001585,0.000551,0.03985003901184372
wd:Q7561685,wdt:P26,wd:Q7448862,1,1.0,1.0,864.0,0.05125,1.850944,8844.557562,0.004293,0.156863,0.1920328328341882
wd:Q15485506,wdt:P26,wd:Q64,1,0.0,1.0,593388.0,23.67175,0.142711,7102.154553,0.000542,3e-05,0.03985003901184372
wd:Q4101349,wdt:P26,wd:Q2907690,1,1.0,1.0,475.0,0.0475,0.538964,61983.409616,0.002943,0.1,0.1920328328341882
wd:Q234419,wdt:P26,wd:Q6860492,1,1.0,1.0,506.0,0.03125,0.061521,52757.542455,0.001533,0.022727,0.17443255854309367
wd:Q8076063,wdt:P26,wd:Q505264,0,0.0,1.0,325.0,0.0035,0.061521,77.145745,0.001855,0.027027,0.03985003901184372
wd:Q41166,wdt:P54,wd:Q433547,0,0.0,0.0,7748.0,0.092375,0.122414,9126.68224,0.000667,0.006211,0.03884316762836134
wd:Q433743,wdt:P26,wd:Q195828,0,0.0,1.0,1224.0,0.0195,0.29314,955.558219,0.001442,0.060606,0.0574503133029382
wd:Q16836,wdt:P26,wd:Q5517183,1,1.0,1.0,1450.0,0.06,0.360654,10522.697925,0.001259,0.02649,0.17443255854309367
wd:Q509860,wdt:P26,wd:Q146256,1,0.0,1.0,4633.0,0.32175,0.952192,52662.55827,0.00092,0.040541,0.03985003901184372
wd:Q162959,wdt:P26,wd:Q1033016,0,0.0,1.0,9453.0,0.16125,0.711163,6533.649604,0.001196,0.045685,0.03985003901184372
wd:Q391536,wdt:P26,wd:Q313627,1,1.0,1.0,3850.0,0.150375,0.628037,62038.224862,0.001027,0.067227,0.1920328328341882
wd:Q72792,wdt:P20,wd:Q1085,0,1.0,0.0,118242432.0,15.584375,0.0,2546.092414,0.000322,0.0,0.23682032094881122
wd:Q530550,wdt:P26,wd:Q40791,1,1.0,1.0,2736.0,0.131625,0.544429,5259.603063,0.001612,0.053435,0.1920328328341882
wd:Q265452,wdt:P26,wd:Q371430,1,1.0,1.0,2871.0,0.10375,1.202957,7274.458307,0.001526,0.071429,0.1920328328341882
wd:Q6116483,wdt:P26,wd:Q7332058,1,1.0,1.0,629.0,0.1385,1.338312,91518.918129,0.003556,0.148936,0.1920328328341882
wd:Q230123,wdt:P26,wd:Q5185862,0,0.0,1.0,780.0,0.00975,0.061521,995.568055,0.001518,0.013158,0.03985003901184372
wd:Q468577,wdt:P26,wd:Q306403,0,0.0,1.0,10653.0,0.0685,0.487444,4943.276523,0.000908,0.024194,0.03985003901184372
wd:Q3546641,wdt:P26,wd:Q5043677,1,1.0,1.0,621.0,0.1225,1.704049,90893.77448,0.004098,0.190476,0.1920328328341882
wd:Q36844,wdt:P50,wd:Q155700,0,0.0,0.0,54520.0,0.25,2.136093,7622.709769,0.001203,0.028634,0.03985003901184372
wd:Q7332058,wdt:P26,wd:Q6116483,1,1.0,1.0,629.0,0.1385,1.338312,246863.221161,0.003789,0.148936,0.1920328328341882
wd:Q2878879,wdt:P26,wd:Q16222060,1,1.0,1.0,130.0,0.085875,0.503261,348702.799176,0.006797,0.210526,0.1920328328341882
wd:Q15989314,wdt:P26,wd:Q7368275,1,1.0,1.0,418.0,0.94425,1.88135,273243.10021,0.005066,0.322581,0.1920328328341882
wd:Q244214,wdt:P26,wd:Q186327,1,1.0,1.0,4223.0,0.619625,1.80221,64474.63598,0.001412,0.066667,0.1920328328341882
wd:Q6108778,wdt:P26,wd:Q532872,1,1.0,1.0,255.0,0.20125,0.616932,133074.633815,0.005119,0.230769,0.1920328328341882
wd:Q466947,wdt:P26,wd:Q6757586,0,0.0,1.0,1140.0,0.021875,0.201232,2569.15319,0.001478,0.040541,0.03985003901184372
wd:Q698533,wdt:P166,wd:Q236097,0,0.0,0.0,2520.0,0.009125,0.140339,698.330073,0.000937,0.02,0.17443255854309367
wd:Q760805,wdt:P19,wd:Q433547,0,0.0,0.0,754.0,0.199375,1.292666,138285.217125,0.003217,0.195652,0.1920328328341882
wd:Q347356,wdt:P166,wd:Q23436,0,0.0,0.0,4700001.0,2.538375,0.295197,2460.259729,0.000595,0.000168,0.05644344191945582
wd:Q15438458,wdt:P26,wd:Q6154531,1,1.0,1.0,644.0,0.082375,0.60591,100246.853404,0.003257,0.111111,0.1920328328341882
wd:Q103939,wdt:P26,wd:Q4115348,1,1.0,1.0,3484.0,0.339625,3.185803,114750.36874,0.001823,0.088435,0.1920328328341882
wd:Q724098,wdt:P26,wd:Q256671,1,1.0,1.0,1176.0,0.184375,1.743157,108874.198302,0.003031,0.186441,0.1920328328341882
wd:Q7297925,wdt:P26,wd:Q35912,0,0.0,1.0,1100.0,0.030125,0.201232,2790.868596,0.001593,0.041667,0.03985003901184372
wd:Q504886,wdt:P26,wd:Q1033016,1,0.0,1.0,5891.0,0.08375,1.039746,7752.068386,0.001038,0.034483,0.03985003901184372
wd:Q533369,wdt:P26,wd:Q433547,0,0.0,1.0,1248.0,0.06475,0.361933,13872.800429,0.001734,0.072464,0.0574503133029382
wd:Q1255335,wdt:P26,wd:Q610459,1,1.0,1.0,400.0,0.015125,0.061521,4072.748528,0.001612,0.025641,0.17443255854309367
wd:Q957215,wdt:P26,wd:Q289342,1,1.0,1.0,1064.0,0.071875,1.236601,53595.465054,0.002435,0.119403,0.1920328328341882
wd:Q355234,wdt:P26,wd:Q231584,1,1.0,1.0,1332.0,0.2575,1.021041,41481.404254,0.002337,0.140625,0.1920328328341882
wd:Q479052,wdt:P26,wd:Q314421,0,0.0,1.0,1798.0,0.04875,0.436223,12456.20765,0.001787,0.070588,0.0574503133029382
wd:Q5236362,wdt:P26,wd:Q456169,1,1.0,1.0,294.0,0.158375,0.851588,100647.376754,0.00445,0.129032,0.1920328328341882
wd:Q215497,wdt:P26,wd:Q11975,1,1.0,1.0,13244.0,4.120875,4.464601,202871.871896,0.001384,0.047761,0.1920328328341882
wd:Q5608,wdt:P26,wd:Q220140,0,0.0,1.0,24282.0,0.186625,0.736363,28365.514932,0.001262,0.017241,0.03985003901184372
wd:Q5219229,wdt:P26,wd:Q173158,1,1.0,1.0,3294.0,0.091,1.467332,6910.084217,0.001284,0.036082,0.17443255854309367
wd:Q11459,wdt:P20,wd:Q23197,0,1.0,0.0,746460.0,1.724,0.067233,36857.235542,0.000644,0.000277,0.17443255854309367
wd:Q3078773,wdt:P26,wd:Q2831,1,1.0,1.0,12645.0,1.127,0.967984,19523.169983,0.000915,0.005862,0.17443255854309367
wd:Q4706610,wdt:P26,wd:Q231228,1,1.0,1.0,1092.0,0.262375,0.917886,30310.313802,0.002075,0.05102,0.1920328328341882
wd:Q5608,wdt:P26,wd:Q35912,0,0.0,1.0,18810.0,0.157875,0.365955,23147.786842,0.000705,0.012755,0.03985003901184372
wd:Q72096,wdt:P355,wd:Q6147647,0,1.0,1.0,2547.0,0.003625,0.061521,67.446912,0.000492,0.003436,0.17443255854309367
wd:Q4776261,wdt:P26,wd:Q15615,1,1.0,1.0,3948.0,0.424625,0.955403,39444.096807,0.001037,0.017182,0.17443255854309367
wd:Q42493,wdt:P26,wd:Q382266,0,0.0,1.0,6291.0,0.046375,0.309371,6766.415415,0.000945,0.015625,0.03985003901184372
wd:Q11087378,wdt:P26,wd:Q238819,1,1.0,1.0,3200.0,0.172125,1.980627,13847.498953,0.001572,0.055172,0.1920328328341882
wd:Q342665,wdt:P26,wd:Q1389078,0,0.0,1.0,4108.0,0.053625,0.461828,13434.649088,0.00115,0.048,0.03985003901184372
wd:Q103767,wdt:P50,wd:Q55497,0,0.0,0.0,7106.0,0.03375,0.277035,1990.885624,0.000649,0.0181,0.03985003901184372
wd:Q53325,wdt:P50,wd:Q24826,0,0.0,0.0,402894.0,1.319,0.0,2481.610085,0.00047,0.0,0.03884316762836134
wd:Q723067,wdt:P26,wd:Q203268,0,0.0,1.0,4794.0,0.104625,0.515041,3564.817694,0.001223,0.050725,0.03985003901184372
wd:Q42493,wdt:P26,wd:Q296609,1,1.0,1.0,27028.0,0.82325,3.189962,43718.346283,0.00083,0.03869,0.17443255854309367
wd:Q223445,wdt:P26,wd:Q471157,1,1.0,1.0,1044.0,0.14975,0.606484,58958.485898,0.001883,0.101695,0.1920328328341882
wd:Q194333,wdt:P26,wd:Q5112,0,0.0,1.0,582544.0,0.7665,0.0,2875.260291,0.000487,0.0,0.03985003901184372
wd:Q5180845,wdt:P26,wd:Q4409080,1,1.0,1.0,437.0,0.039125,0.838886,5594.42148,0.003503,0.166667,0.1920328328341882
wd:Q149507,wdt:P26,wd:Q439668,1,1.0,1.0,3640.0,0.1855,1.300715,65292.354692,0.001685,0.070796,0.1920328328341882
wd:Q40572,wdt:P26,wd:Q126606,0,0.0,1.0,2368.0,0.037,0.447808,5513.08895,0.001477,0.06,0.0574503133029382
wd:Q698533,wdt:P19,wd:Q714444,0,0.0,0.0,3960.0,0.34275,2.968183,33287.563041,0.002315,0.115044,0.1920328328341882
wd:Q103767,wdt:P161,wd:Q1352,0,0.0,0.0,783717.0,0.60225,0.0,2757.86281,0.000336,0.0,0.1920328328341882
wd:Q165325,wdt:P161,wd:Q58444,0,0.0,0.0,21824.0,0.163375,0.128126,3917.862173,0.000729,0.005988,0.17443255854309367
wd:Q80609,wdt:P161,wd:Q263178,1,0.0,0.0,275.0,0.008125,0.060893,628.014461,0.001152,0.028571,0.1920328328341882
wd:Q165325,wdt:P161,wd:Q229029,0,1.0,0.0,6688.0,0.062375,0.060893,3382.898357,0.000572,0.006135,0.17443255854309367
wd:Q584293,wdt:P161,wd:Q220396,1,1.0,0.0,2475.0,0.13025,0.128126,43222.452539,0.00083,0.016393,0.1920328328341882
wd:Q641122,wdt:P161,wd:Q48337,1,1.0,0.0,4011.0,0.128625,0.128126,4216.431577,0.000606,0.009524,0.17443255854309367
wd:Q165325,wdt:P161,wd:Q218503,0,0.0,0.0,20152.0,0.14875,0.128126,4843.618411,0.000497,0.006349,0.17443255854309367
wd:Q190588,wdt:P161,wd:Q102124,0,0.0,0.0,14850.0,0.16325,0.128126,13300.254335,0.000508,0.00823,0.17443255854309367
wd:Q190588,wdt:P161,wd:Q42581,1,1.0,0.0,10340.0,0.168625,0.131664,102227.10372,0.000665,0.009901,0.1920328328341882
wd:Q190588,wdt:P54,wd:Q58444,0,0.0,0.0,27280.0,0.3055,0.844987,130233.696692,0.000694,0.014164,0.03884316762836134
wd:Q190588,wdt:P161,wd:Q106175,0,0.0,0.0,13200.0,0.178875,0.128126,27757.673089,0.000535,0.008772,0.17443255854309367
wd:Q190588,wdt:P166,wd:Q335017,0,0.0,0.0,77990.0,0.103125,0.067233,2759.815587,0.000714,0.001222,0.17443255854309367
wd:Q53113,wdt:P161,wd:Q230194,1,1.0,0.0,3000.0,0.309375,1.370235,99814.924244,0.001263,0.048387,0.1920328328341882
wd:Q858840,wdt:P161,wd:Q207179,0,0.0,0.0,12120.0,0.139,0.060893,33448.336788,0.000574,0.004545,0.17443255854309367
wd:Q217250,wdt:P355,wd:Q1189618,0,1.0,1.0,2057.0,0.110625,1.705392,111711.067571,0.002103,0.022222,0.17443255854309367
wd:Q217250,wdt:P161,wd:Q230395,1,1.0,0.0,5445.0,0.505875,2.580154,110270.121435,0.001359,0.050633,0.1920328328341882
wd:Q330468,wdt:P161,wd:Q201656,0,0.0,0.0,9996.0,0.059,0.207112,4006.889669,0.000461,0.005025,0.17443255854309367
wd:Q184701,wdt:P161,wd:Q230395,0,1.0,0.0,6120.0,0.099625,0.128126,4927.686843,0.000654,0.011173,0.1920328328341882
wd:Q217250,wdt:P161,wd:Q345325,0,0.0,0.0,12221.0,0.140375,0.128126,46609.507938,0.000708,0.009091,0.17443255854309367
wd:Q184605,wdt:P50,wd:Q317343,0,0.0,0.0,8500.0,0.134125,0.448925,4437.631538,0.000608,0.016484,0.03985003901184372
wd:Q184605,wdt:P161,wd:Q345325,0,1.0,0.0,8585.0,0.131375,0.315012,13195.326437,0.000633,0.021978,0.1920328328341882
wd:Q184605,wdt:P161,wd:Q311161,0,0.0,0.0,5185.0,0.055375,0.222988,3388.263,0.000694,0.020979,0.1920328328341882
wd:Q8440,wdt:P161,wd:Q165972,0,0.0,0.0,105084.0,0.1695,0.0,2566.979848,0.000786,0.0,0.17443255854309367
wd:Q15269,wdt:P26,wd:Q48337,0,0.0,1.0,9359.0,0.00475,0.061521,205.73982,0.000534,0.004184,0.03985003901184372
wd:Q3275141,wdt:P50,wd:Q2777667,0,0.0,0.0,574.0,0.01,0.236994,2381.726365,0.001338,0.018519,0.03985003901184372
wd:Q913311,wdt:P161,wd:Q189226,0,1.0,0.0,8245.0,0.1275,0.060893,5970.373652,0.000572,0.005525,0.17443255854309367
wd:Q9916,wdt:P159,wd:Q35912,0,0.0,0.0,26180.0,0.10525,0.189647,5532.959162,0.000678,0.005682,0.17443255854309367
wd:Q963809,wdt:P20,wd:Q79987,0,0.0,0.0,533.0,0.00875,0.067233,876.977526,0.001411,0.018868,0.03985003901184372
wd:Q3986379,wdt:P161,wd:Q2632,1,1.0,0.0,10962.0,0.257125,0.202822,30357.982116,0.000651,0.006645,0.17443255854309367
wd:Q1197185,wdt:P161,wd:Q201656,0,0.0,0.0,10878.0,0.161125,0.128126,21174.223422,0.00058,0.009662,0.17443255854309367
wd:Q913311,wdt:P161,wd:Q131332,0,0.0,0.0,6120.0,0.085875,0.150954,10212.694911,0.000597,0.012903,0.17443255854309367
wd:Q487978,wdt:P161,wd:Q186757,1,1.0,0.0,47656.0,0.628125,1.080856,8568.639566,0.000592,0.009934,0.1920328328341882
wd:Q487978,wdt:P54,wd:Q186757,0,0.0,0.0,47656.0,0.628125,1.080856,8568.639566,0.000628,0.009934,0.03884316762836134
wd:Q330468,wdt:P161,wd:Q310493,0,0.0,0.0,12444.0,0.083375,0.078031,6791.519327,0.0004,0.004484,0.17443255854309367
wd:Q330468,wdt:P161,wd:Q2726196,1,1.0,0.0,4794.0,0.141125,0.072529,86822.90978,0.001013,0.006757,0.17443255854309367
wd:Q1646330,wdt:P161,wd:Q45752,1,0.0,0.0,1767.0,0.354875,1.737091,52096.30552,0.001749,0.073171,0.1920328328341882
wd:Q184701,wdt:P161,wd:Q210172,0,0.0,0.0,6936.0,0.1085,0.128126,4333.78947,0.000639,0.010811,0.17443255854309367
wd:Q7746269,wdt:P161,wd:Q326542,1,0.0,0.0,384.0,0.05675,0.505065,40713.636746,0.002045,0.029412,0.1920328328341882
wd:Q7727211,wdt:P161,wd:Q615874,1,0.0,0.0,147.0,0.016375,0.131664,2596.483989,0.003379,0.076923,0.1920328328341882
wd:Q492214,wdt:P161,wd:Q253536,1,1.0,0.0,5544.0,0.4175,2.291305,79080.809671,0.000984,0.071942,0.1920328328341882
wd:Q184701,wdt:P161,wd:Q215488,0,0.0,0.0,8296.0,0.108375,0.128126,4080.736432,0.000574,0.010256,0.17443255854309367
wd:Q858840,wdt:P26,wd:Q1352,0,0.0,1.0,423291.0,0.128125,0.461655,33110.300594,0.000664,0.000466,0.03985003901184372
wd:Q492214,wdt:P161,wd:Q102124,1,1.0,0.0,10395.0,0.2385,1.026987,71876.777354,0.000678,0.029126,0.1920328328341882
wd:Q858840,wdt:P161,wd:Q2685,1,1.0,0.0,23937.0,7.405125,1.863584,114601.521927,0.000714,0.027356,0.1920328328341882
wd:Q858840,wdt:P26,wd:Q781151,0,0.0,1.0,2323.0,0.549,0.311006,282288.02578,0.001,0.024793,0.03985003901184372
wd:Q858840,wdt:P161,wd:Q309690,1,0.0,0.0,11413.0,0.463,0.243773,252327.985559,0.000602,0.009434,0.17443255854309367
wd:Q330468,wdt:P161,wd:Q309555,0,0.0,0.0,8568.0,0.068875,0.0,7432.496767,0.000337,0.0,0.17443255854309367
wd:Q631103,wdt:P166,wd:Q189226,0,0.0,0.0,6208.0,0.17,0.497395,10098.540702,0.000869,0.018987,0.17443255854309367
wd:Q679611,wdt:P161,wd:Q44903,0,0.0,0.0,5700.0,0.07775,0.128126,3834.737465,0.000791,0.012903,0.17443255854309367
wd:Q53113,wdt:P161,wd:Q202056,0,0.0,0.0,13700.0,0.147875,0.128126,18923.122996,0.000887,0.008511,0.17443255854309367
wd:Q24075,wdt:P161,wd:Q43697,1,1.0,0.0,10360.0,0.179375,0.683485,8998.764479,0.000562,0.023923,0.1920328328341882
wd:Q24075,wdt:P161,wd:Q440841,1,1.0,0.0,2294.0,0.10175,0.128126,11229.911965,0.000717,0.019417,0.1920328328341882
wd:Q24075,wdt:P161,wd:Q527303,1,1.0,0.0,6512.0,0.195625,0.611543,18951.325488,0.000769,0.031847,0.1920328328341882
wd:Q217250,wdt:P161,wd:Q9535,0,0.0,0.0,18150.0,0.066625,0.0,10586.152047,0.000581,0.0,0.17443255854309367
wd:Q14647,wdt:P54,wd:Q2294054,0,0.0,0.0,2224.0,0.0315,0.244693,6609.310683,0.000768,0.007042,0.03884316762836134
wd:Q217182,wdt:P161,wd:Q190386,0,0.0,0.0,4440.0,0.071125,0.060893,3373.758797,0.000653,0.007519,0.17443255854309367
wd:Q1197185,wdt:P161,wd:Q259474,1,1.0,0.0,3441.0,0.197125,0.128126,12056.455375,0.000737,0.014286,0.1920328328341882
wd:Q1197185,wdt:P161,wd:Q9535,0,0.0,0.0,16650.0,0.105,0.0,16591.666327,0.000449,0.0,0.17443255854309367
wd:Q1197185,wdt:P161,wd:Q283872,1,1.0,0.0,6327.0,0.289875,0.128126,13046.731439,0.000762,0.012048,0.1920328328341882
wd:Q200804,wdt:P26,wd:Q722312,0,0.0,1.0,5621.0,0.331125,0.311006,49824.34488,0.000656,0.020408,0.03985003901184372
wd:Q200804,wdt:P161,wd:Q311161,1,0.0,0.0,4453.0,0.164625,0.42214,27297.582699,0.000761,0.022901,0.1920328328341882
wd:Q42726338,wdt:P161,wd:Q14537,1,1.0,0.0,20444.0,0.49975,1.033038,26984.440375,0.000675,0.014706,0.1920328328341882
wd:Q14650447,wdt:P161,wd:Q309555,1,1.0,0.0,924.0,0.026875,0.060893,3240.329122,0.000875,0.010638,0.1920328328341882
wd:Q738142,wdt:P355,wd:Q723672,0,1.0,1.0,35980.0,0.313375,0.0,2503.902596,0.000501,0.0,0.17443255854309367
wd:Q913311,wdt:P166,wd:Q37922,0,0.0,0.0,67405.0,0.15175,0.0,27556.581816,0.000544,0.0,0.17443255854309367
wd:Q7794469,wdt:P50,wd:Q949779,0,0.0,0.0,3969.0,0.05725,0.067233,3159.860829,0.001377,0.004785,0.03985003901184372
wd:Q639481,wdt:P161,wd:Q29250,1,0.0,0.0,8791.0,0.18,0.438793,6932.872567,0.000728,0.014634,0.17443255854309367
wd:Q639481,wdt:P161,wd:Q37175,1,0.0,0.0,11033.0,0.209875,0.224951,5046.246169,0.000625,0.012346,0.17443255854309367
wd:Q639481,wdt:P161,wd:Q294641,1,1.0,0.0,6549.0,0.1565,0.729502,14306.25549,0.000813,0.036585,0.1920328328341882
wd:Q639481,wdt:P161,wd:Q170530,1,1.0,0.0,5664.0,0.137625,0.128126,14547.934397,0.000691,0.013072,0.1920328328341882
wd:Q217250,wdt:P161,wd:Q361215,0,0.0,0.0,7381.0,0.11725,0.128126,41499.487215,0.000745,0.011111,0.17443255854309367
wd:Q217182,wdt:P161,wd:Q37175,1,0.0,0.0,11220.0,0.22025,0.461275,4522.809396,0.000632,0.016461,0.17443255854309367
wd:Q217182,wdt:P159,wd:Q219640,0,0.0,0.0,10260.0,0.181,0.326405,11270.069751,0.000651,0.017621,0.1920328328341882
wd:Q217250,wdt:P161,wd:Q23760,0,0.0,0.0,16093.0,0.10375,0.060893,51021.055182,0.000732,0.003953,0.17443255854309367
wd:Q330468,wdt:P161,wd:Q442668,1,1.0,0.0,6120.0,0.1805,0.168922,95925.196887,0.001008,0.0125,0.1920328328341882
wd:Q631103,wdt:P161,wd:Q1203,0,0.0,0.0,37632.0,0.1465,0.164065,5809.153555,0.000467,0.003077,0.17443255854309367
wd:Q3884,wdt:P355,wd:Q230051,1,1.0,1.0,11592.0,0.85475,0.53417,39697.67511,0.000559,0.007648,0.17443255854309367
wd:Q605401,wdt:P355,wd:Q721140,1,1.0,1.0,1720.0,0.122,0.162836,18468.549685,0.001127,0.019231,0.17443255854309367
wd:Q8006,wdt:P50,wd:Q437353,0,0.0,0.0,3146.0,0.00825,0.0,1040.719347,0.000386,0.0,0.03985003901184372
wd:Q338920,wdt:P355,wd:Q21077,1,1.0,1.0,130086.0,4.962875,1.393207,48164.572239,0.00043,0.001764,0.17443255854309367
wd:Q466947,wdt:P355,wd:Q7600659,1,1.0,1.0,12996.0,0.162625,3.393613,4608.110776,0.002544,0.032609,0.17443255854309367
wd:Q324603,wdt:P166,wd:Q690079,0,0.0,0.0,16827.0,3.132375,8.659512,153935.626489,0.001454,0.097744,0.1920328328341882
wd:Q19900,wdt:P355,wd:Q1472738,0,1.0,1.0,58140.0,0.227875,0.067233,6555.609512,0.004313,0.000929,0.17443255854309367
wd:Q1127887,wdt:P355,wd:Q38903,1,1.0,1.0,706972.0,2.031,0.611408,10981.175892,0.00032,0.000547,0.17443255854309367
wd:Q3088127,wdt:P355,wd:Q1756332,1,1.0,1.0,87316.0,4.00075,1.883063,290479.903959,0.001668,0.008889,0.17443255854309367
wd:Q950380,wdt:P355,wd:Q1756332,1,1.0,1.0,98888.0,7.113,1.930111,287767.142435,0.000947,0.009692,0.17443255854309367
wd:Q3111140,wdt:P355,wd:Q1756332,1,1.0,1.0,28404.0,0.81175,1.367447,117165.5096,0.001082,0.00653,0.17443255854309367
wd:Q4803803,wdt:P355,wd:Q220317,0,1.0,1.0,705.0,0.017375,0.067233,1986.772851,0.000564,0.006897,0.17443255854309367
wd:Q55627190,wdt:P355,wd:Q7564648,1,1.0,1.0,30.0,0.007,0.078164,3653.046064,0.005933,0.1,0.1920328328341882
wd:Q214346,wdt:P355,wd:Q159846,1,1.0,1.0,743715.0,6.9255,4.069931,94945.305158,0.000922,0.004139,0.17443255854309367
wd:Q3088127,wdt:P355,wd:Q159846,1,1.0,1.0,326605.0,2.22975,2.13315,121351.841555,0.00107,0.002495,0.17443255854309367
wd:Q3111140,wdt:P355,wd:Q159846,1,1.0,1.0,106245.0,1.63725,1.018531,15380.511019,0.000827,0.001517,0.17443255854309367
wd:Q1324524,wdt:P355,wd:Q213959,1,1.0,1.0,101490.0,7.200625,8.696048,158354.490041,0.002906,0.012903,0.17443255854309367
wd:Q23837644,wdt:P355,wd:Q3933904,1,1.0,1.0,1872.0,0.229875,0.886979,159286.604719,0.001151,0.042553,0.17443255854309367
wd:Q60238941,wdt:P355,wd:Q166419,1,1.0,1.0,420473.0,56.045625,17.047537,281418.513614,0.001247,0.014823,0.1920328328341882
wd:Q724759,wdt:P355,wd:Q7540674,0,0.0,1.0,1146.0,0.038625,0.067233,7160.254427,0.000771,0.005102,0.03985003901184372
wd:Q7119727,wdt:P355,wd:Q33511,1,1.0,1.0,1580.0,0.0185,0.067233,2499.21898,0.000982,0.010204,0.17443255854309367
wd:Q3088127,wdt:P355,wd:Q43380,1,1.0,1.0,416079.0,4.714625,4.795844,106176.257381,0.001849,0.00394,0.17443255854309367
wd:Q950380,wdt:P355,wd:Q43380,1,1.0,1.0,471222.0,9.593375,6.085367,151877.453825,0.001463,0.004919,0.17443255854309367
wd:Q168383,wdt:P355,wd:Q11424,1,1.0,1.0,1323499114.0,69.8625,941.361156,7281.992666,0.002202,0.007489,0.3325082337861734
wd:Q37060,wdt:P166,wd:Q131364,0,0.0,0.0,76780.0,0.1935,0.0,2590.004169,0.000629,0.0,0.17443255854309367
wd:Q3884,wdt:P355,wd:Q3884,1,1.0,1.0,254016.0,3.442875,0.0,63972.271471,0.203473,1.0,0.982089293954777
wd:Q290159,wdt:P355,wd:Q6126511,0,0.0,1.0,32.0,0.00275,0.081181,24.56885,0.00709,0.090909,0.0574503133029382
wd:Q905791,wdt:P355,wd:Q219400,1,1.0,1.0,230882.0,2.55125,4.082594,64009.348347,0.001542,0.00705,0.17443255854309367
wd:Q16242963,wdt:P355,wd:Q219400,1,1.0,1.0,101657.0,2.2965,1.8129,15973.137779,0.001065,0.005643,0.17443255854309367
wd:Q15715712,wdt:P355,wd:Q16144186,1,1.0,1.0,850.0,0.356,2.051002,58611.331921,0.003177,0.135593,0.1920328328341882
wd:Q1331921,wdt:P355,wd:Q1331921,1,1.0,1.0,33489.0,1.480125,0.0,105598.990902,0.205202,1.0,0.9818338947917953
wd:Q37156,wdt:P159,wd:Q1493633,0,0.0,0.0,85794.0,3.701,0.802858,8425.62721,0.002522,0.00021,0.17443255854309367
wd:Q297644,wdt:P159,wd:Q7333529,0,0.0,0.0,164.0,0.000625,0.0,63.818319,0.000611,0.0,0.17443255854309367
wd:Q719628,wdt:P355,wd:Q1202628,1,1.0,1.0,206180.0,2.66425,2.891379,42565.388732,0.001394,0.006667,0.17443255854309367
wd:Q5193457,wdt:P355,wd:Q762195,1,1.0,1.0,800.0,0.00275,0.0,506.326752,0.00058,0.0,0.17443255854309367
wd:Q5629048,wdt:P355,wd:Q23633,1,1.0,1.0,52026.0,4.337125,2.878623,65023.29689,0.000994,0.004961,0.17443255854309367
wd:Q1418,wdt:P355,wd:Q217365,1,1.0,1.0,382560.0,2.84925,2.194586,70273.692989,0.000454,0.005512,0.17443255854309367
wd:Q2283,wdt:P355,wd:Q364,1,1.0,1.0,2429009.0,59.259,32.665361,106401.95005,0.001253,0.015597,0.1920328328341882
wd:Q19900,wdt:P20,wd:Q1689003,0,0.0,0.0,1020.0,0.0,0.0,-19.468964,5.2e-05,0.0,0.03985003901184372
wd:Q183412,wdt:P355,wd:Q203059,1,1.0,1.0,20510685.0,0.925375,62.122538,6853.42707,0.001867,0.017428,0.8215180116610469
wd:Q5594123,wdt:P355,wd:Q2476957,1,1.0,1.0,4092.0,6.519375,7.928303,367978.531891,0.002816,0.207547,0.1920328328341882
wd:Q4652575,wdt:P355,wd:Q30277272,1,1.0,1.0,12075.0,0.02025,0.0,2118.201936,0.002065,0.0,0.17443255854309367
wd:Q35339,wdt:P355,wd:Q130171,1,1.0,1.0,24816.0,5.95,9.85687,310398.375101,0.002832,0.067633,0.1920328328341882
wd:Q7957203,wdt:P355,wd:Q130171,1,1.0,1.0,1320.0,0.90725,2.662177,109495.873346,0.003762,0.131579,0.1920328328341882
wd:Q7864810,wdt:P355,wd:Q866857,1,1.0,1.0,88.0,0.018625,0.459741,2162.38431,0.009287,0.266667,0.1920328328341882
wd:Q6734045,wdt:P355,wd:Q6734035,1,1.0,1.0,114.0,0.013375,0.190585,3590.130401,0.003786,0.051282,0.17443255854309367
wd:Q7848014,wdt:P355,wd:Q8646,1,1.0,1.0,1141995.0,59.075,0.216168,5282.366346,0.000159,3.9e-05,0.1920328328341882
wd:Q6971094,wdt:P355,wd:Q8646,1,1.0,1.0,609064.0,0.061875,0.089755,3528.2908,0.00027,1.3e-05,0.17443255854309367
wd:Q564435,wdt:P355,wd:Q8646,1,1.0,1.0,761330.0,0.197625,1.879257,3761.749764,0.00256,3.9e-05,0.17443255854309367
wd:Q6547611,wdt:P355,wd:Q8646,1,1.0,1.0,456798.0,11.8835,0.0,5500.056716,0.000263,0.0,0.17443255854309367
wd:Q2283,wdt:P355,wd:Q213660,1,1.0,1.0,384637.0,5.285625,1.26499,174894.084206,0.000858,0.001312,0.17443255854309367
wd:Q19900,wdt:P161,wd:Q2826850,0,0.0,0.0,5100.0,0.35125,0.302935,18014.264052,0.000552,0.002935,0.17443255854309367
wd:Q483938,wdt:P355,wd:Q483938,1,1.0,1.0,915849.0,26.2635,0.0,155683.204219,0.203736,1.0,0.982089293954777
wd:Q434841,wdt:P355,wd:Q466459,1,1.0,1.0,341880.0,1.391375,16.61727,37326.659165,0.001425,0.026232,0.17443255854309367
wd:Q3066599,wdt:P159,wd:Q16,0,0.0,0.0,25664925.0,37.19425,0.128126,2401.514977,0.000297,3e-06,0.8902471576486259
wd:Q219501,wdt:P355,wd:Q219501,1,1.0,1.0,40804.0,1.692,99.091639,46274.171587,0.205903,1.0,0.9745620310885321
wd:Q626178,wdt:P50,wd:Q25395,0,0.0,0.0,192470.0,0.865875,0.067233,1797.378096,0.001448,0.000472,0.03884316762836134
wd:Q58024,wdt:P355,wd:Q885885,1,1.0,1.0,17710.0,0.053625,0.067233,3117.411159,0.000865,0.002326,0.17443255854309367
wd:Q28229329,wdt:P355,wd:Q221626,1,1.0,1.0,46080.0,5.316875,3.894026,92620.177624,0.002023,0.009977,0.17443255854309367
wd:Q51747,wdt:P355,wd:Q1090978,1,1.0,1.0,888.0,0.13875,0.482914,20446.41571,0.001604,0.036145,0.17443255854309367
wd:Q19900,wdt:P355,wd:Q7271941,0,1.0,1.0,5100.0,0.121625,0.148414,5730.559314,0.000699,0.001955,0.17443255854309367
wd:Q360630,wdt:P26,wd:Q80061,0,0.0,1.0,62484.0,0.292875,0.0,2034.73075,0.000284,0.0,0.03985003901184372
wd:Q1345971,wdt:P355,wd:Q39681,1,1.0,1.0,16920.0,0.224625,0.538371,8109.535683,0.001486,0.01107,0.17443255854309367
wd:Q183412,wdt:P355,wd:Q193023,1,1.0,1.0,28868775.0,1.587875,77.936921,42861.364416,0.00213,0.01865,0.8908068672125393
wd:Q2216535,wdt:P355,wd:Q434841,1,1.0,1.0,534798.0,2.317625,1.529979,8802.409362,0.000612,0.003394,0.17443255854309367
wd:Q7202269,wdt:P159,wd:Q30,0,0.0,0.0,23048784.0,4.2545,0.104516,2608.700519,0.000352,0.0,0.8902471576486259
wd:Q30873,wdt:P159,wd:Q78,0,0.0,0.0,672602.0,0.033375,0.0,6239.484453,0.000783,0.0,0.1920328328341882
wd:Q489943,wdt:P159,wd:Q695556,0,0.0,0.0,8474.0,0.001,0.0,74.456031,0.000589,0.0,0.17443255854309367
wd:Q312,wdt:P159,wd:Q284803,0,0.0,0.0,269766.0,0.417625,0.067233,2292.678781,0.002733,0.00023,0.1920328328341882
wd:Q3600483,wdt:P355,wd:Q234946,0,0.0,1.0,1026.0,0.0105,0.148414,840.440632,0.000735,0.027397,0.03985003901184372
wd:Q6043771,wdt:P26,wd:Q74195,0,0.0,1.0,2034.0,0.106125,0.067233,6106.868153,0.000872,0.002907,0.03985003901184372
wd:Q168847,wdt:P26,wd:Q60,0,0.0,1.0,6043310.0,29.7915,1.651126,9661.451897,0.000953,0.00012,0.05644344191945582
wd:Q36023,wdt:P54,wd:Q163263,0,0.0,0.0,7332.0,0.074,0.282485,11420.049779,0.001338,0.02381,0.03884316762836134
wd:Q4034645,wdt:P19,wd:Q154835,0,0.0,0.0,29880.0,0.47175,0.172683,7215.998537,0.001491,0.000998,0.17443255854309367
wd:Q133009,wdt:P355,wd:Q20,0,1.0,1.0,45672704.0,86.184375,7.375801,6714.421963,0.000899,5.2e-05,0.23682032094881122
wd:Q8620,wdt:P159,wd:Q117,0,0.0,0.0,6121023.0,11.219875,25.451165,11552.544959,0.002484,0.001497,0.05644344191945582
wd:Q118725,wdt:P166,wd:Q858,0,0.0,0.0,1400526.0,5.134875,11.937889,168274.911579,0.002488,0.001324,0.0574503133029382
wd:Q659017,wdt:P50,wd:Q170558,0,0.0,0.0,12960.0,0.0805,0.0,2317.310149,0.000671,0.0,0.03985003901184372
wd:Q19825,wdt:P26,wd:Q370736,0,0.0,1.0,12608.0,0.0665,0.35609,2875.753135,0.000562,0.015564,0.03985003901184372
wd:Q315591,wdt:P19,wd:Q17,0,1.0,0.0,17650140.0,154.99825,5.517807,3756.289966,0.00169,3.2e-05,0.8380582806365114
wd:Q116190,wdt:P26,wd:Q33,0,0.0,1.0,8615040.0,65.729,5.145784,4602.750459,0.001343,7.4e-05,0.05644344191945582
wd:Q1060355,wdt:P19,wd:Q219,0,1.0,0.0,3389984.0,14.970875,6.638872,7550.35205,0.001405,0.000322,0.1920328328341882
wd:Q207432,wdt:P159,wd:Q854,0,0.0,0.0,758134.0,5.573,6.552499,75554.199208,0.004672,0.000651,0.1920328328341882
wd:Q464922,wdt:P54,wd:Q215,0,0.0,0.0,1127518.0,29.854625,1.281779,4377.559312,0.00083,9.9e-05,0.03884316762836134
wd:Q360138,wdt:P161,wd:Q819,0,0.0,0.0,105630.0,1.183375,1.438152,6511.181004,0.001304,0.000709,0.17443255854309367
wd:Q307338,wdt:P54,wd:Q805,0,0.0,0.0,925515.0,8.616625,1.167343,8536.175608,0.000627,0.000113,0.03884316762836134
wd:Q11664,wdt:P50,wd:Q574,0,0.0,0.0,91936.0,1.475875,2.077637,13977.616604,0.003584,0.000848,0.03985003901184372
wd:Q364857,wdt:P26,wd:Q1085,0,0.0,1.0,15257088.0,14.964,0.184513,3677.54059,0.000589,1.1e-05,0.8375899687442918
wd:Q155855,wdt:P19,wd:Q180950,0,0.0,0.0,129940.0,0.0345,0.0,2598.216086,0.000408,0.0,0.17443255854309367
wd:Q25369,wdt:P20,wd:Q100,0,1.0,0.0,1672950.0,10.678625,0.359336,135809.247807,0.001246,0.000203,0.1920328328341882
wd:Q151917,wdt:P20,wd:Q7741981,0,0.0,0.0,660.0,0.00275,0.0,250.169648,0.000501,0.0,0.03985003901184372
wd:Q42596,wdt:P50,wd:Q986210,0,0.0,0.0,61408.0,0.08975,0.0,2095.809419,0.000671,0.0,0.03985003901184372
wd:Q273385,wdt:P355,wd:Q60,0,0.0,1.0,2855630.0,19.090625,0.128126,4293.589544,0.00071,3e-05,0.05644344191945582
wd:Q318908,wdt:P19,wd:Q169165,0,0.0,0.0,11004.0,0.5035,0.198158,11968.220958,0.000593,0.003683,0.17443255854309367
wd:Q311450,wdt:P19,wd:Q170649,0,1.0,0.0,47232.0,0.31075,0.067233,2111.146465,0.000806,0.001976,0.17443255854309367
wd:Q168847,wdt:P20,wd:Q199797,0,0.0,0.0,92092.0,0.3895,0.067233,5601.948602,0.001186,0.000907,0.03985003901184372
wd:Q1148102,wdt:P26,wd:Q427110,0,0.0,1.0,100.0,0.000875,0.0,137.335641,0.000299,0.0,0.03985003901184372
wd:Q217566,wdt:P19,wd:Q215,0,0.0,0.0,2416110.0,10.133375,0.0,1261.575661,0.000556,0.0,0.0574503133029382
wd:Q723067,wdt:P50,wd:Q3226279,0,0.0,0.0,1128.0,0.03775,0.128126,3540.194275,0.000919,0.019231,0.03985003901184372
